INSTANCE,HEA-BEST,HEA-AVG
in02_001.dat,3583,3583
in02_002.dat,3103,3103
in02_003.dat,2941,2941
in02_004.dat,2459,2459
in02_005.dat,2885,2885
in02_006.dat,2890,2890
in02_007.dat,3019,3019
in02_008.dat,2812,2812
in02_009.dat,2832,2832
in02_010.dat,3218,3218
in02_011.dat,3035,3035
in02_012.dat,2513,2513
in02_013.dat,3170,3170
in02_014.dat,2939,2939
in02_015.dat,2643,2643
in02_016.dat,3070,3070
in02_017.dat,3547,3547
in02_018.dat,2883,2883
in02_019.dat,3260,3260
in02_020.dat,2562,2562
in02_021.dat,3044,3044
in02_022.dat,2800,2800
in02_023.dat,3285,3285
in02_024.dat,2995,2995
in02_025.dat,2445,2445
in02_026.dat,2936,2936
in02_027.dat,2603,2603
in02_028.dat,2806,2806
in02_029.dat,2725,2725
in02_030.dat,2735,2735
in02_031.dat,2861,2861
in02_032.dat,2411,2411
in02_033.dat,2972,2972
in02_034.dat,2765,2765
in02_035.dat,2560,2560
in02_036.dat,3012,3012
in02_037.dat,3015,3015
in02_038.dat,2659,2659
in02_039.dat,3237,3237
in02_040.dat,2899,2899
in02_041.dat,2798,2798
in02_042.dat,2730,2730
in02_043.dat,2841,2841
in02_044.dat,3057,3057
in02_045.dat,3019,3019
in02_046.dat,2543,2543
in02_047.dat,2402,2402
in02_048.dat,2962,2962
in02_049.dat,2252,2252
in02_050.dat,2829,2829
in02_051.dat,3421,3421
in02_052.dat,3099,3099
in02_053.dat,3019,3019
in02_054.dat,2778,2778
in02_055.dat,3345,3345
in02_056.dat,3016,3016
in02_057.dat,3105,3105
in02_058.dat,2553,2553
in02_059.dat,2917,2917
in02_060.dat,3284,3284
in02_061.dat,5357,5357.3
in02_062.dat,5426,5426.35
in02_063.dat,5221,5221.75
in02_064.dat,5359,5361.8
in02_065.dat,5160,5162.6
in02_066.dat,5369,5372.15
in02_067.dat,5168,5168.35
in02_068.dat,5078,5080.95
in02_069.dat,5384,5384.3
in02_070.dat,5625,5628.5
in02_071.dat,5429,5434.3
in02_072.dat,5172,5172
in02_073.dat,4405,4406.05
in02_074.dat,5928,5929.05
in02_075.dat,5508,5513.6
in02_076.dat,5900,5900.65
in02_077.dat,5427,5428.65
in02_078.dat,5260,5260.3
in02_079.dat,6057,6057.6
in02_080.dat,5625,5628.15
in02_081.dat,5402,5402
in02_082.dat,5627,5627.9
in02_083.dat,5496,5496.05
in02_084.dat,5487,5488.6
in02_085.dat,5383,5385.55
in02_086.dat,5810,5811.2
in02_087.dat,4985,4987.3
in02_088.dat,5692,5694.3
in02_089.dat,4653,4653
in02_090.dat,4650,4650.1
in02_091.dat,5357,5358.95
in02_092.dat,5823,5825.75
in02_093.dat,5292,5292.5
in02_094.dat,5514,5516.75
in02_095.dat,5918,5922.75
in02_096.dat,5034,5036.05
in02_097.dat,5840,5840.2
in02_098.dat,5594,5594.55
in02_099.dat,5321,5321.3
in02_100.dat,5232,5233.35
in02_101.dat,5361,5361
in02_102.dat,5655,5655.45
in02_103.dat,6306,6307.7
in02_104.dat,5366,5366.7
in02_105.dat,5588,5591.05
in02_106.dat,6000,6000.35
in02_107.dat,5461,5463.3
in02_108.dat,5267,5267.45
in02_109.dat,4418,4419
in02_110.dat,5247,5247
in02_111.dat,5449,5450.1
in02_112.dat,4807,4807
in02_113.dat,5194,5195.35
in02_114.dat,5781,5781.35
in02_115.dat,4978,4978.25
in02_116.dat,5349,5350.25
in02_117.dat,5570,5572.35
in02_118.dat,4973,4975.2
in02_119.dat,5456,5457.95
in02_120.dat,4615,4615.9
in02_121.dat,7959,7964.55
in02_122.dat,7853,7860.6
in02_123.dat,7916,7925.7
in02_124.dat,8352,8354.1
in02_125.dat,7851,7859
in02_126.dat,8709,8719.05
in02_127.dat,7909,7913
in02_128.dat,7536,7540.8
in02_129.dat,7949,7957.05
in02_130.dat,8388,8401.6
in02_131.dat,7672,7689.35
in02_132.dat,7385,7393.9
in02_133.dat,8402,8412.35
in02_134.dat,7987,7992.4
in02_135.dat,8767,8774.55
in02_136.dat,8149,8152.4
in02_137.dat,7918,7924.35
in02_138.dat,7967,7974.35
in02_139.dat,7348,7359.6
in02_140.dat,8818,8826.1
in02_141.dat,8760,8764.95
in02_142.dat,7427,7434.15
in02_143.dat,8073,8081.3
in02_144.dat,7256,7260.55
in02_145.dat,7562,7573.55
in02_146.dat,8160,8165.7
in02_147.dat,7752,7757.3
in02_148.dat,8199,8207.45
in02_149.dat,7928,7934.35
in02_150.dat,7708,7713.5
in02_151.dat,7392,7395.4
in02_152.dat,7827,7832.75
in02_153.dat,7569,7573.85
in02_154.dat,7652,7655.8
in02_155.dat,7178,7186.05
in02_156.dat,7525,7528
in02_157.dat,8794,8799.75
in02_158.dat,7454,7460.65
in02_159.dat,8035,8039.15
in02_160.dat,8141,8146.25
in02_161.dat,8819,8824.6
in02_162.dat,7894,7900.2
in02_163.dat,7481,7485
in02_164.dat,8002,8008.95
in02_165.dat,7738,7750.05
in02_166.dat,8355,8357.8
in02_167.dat,8433,8441.45
in02_168.dat,7985,7989.35
in02_169.dat,9006,9007.6
in02_170.dat,8313,8318.75
in02_171.dat,6835,6838.35
in02_172.dat,9281,9286.15
in02_173.dat,7631,7638.95
in02_174.dat,7619,7624.3
in02_175.dat,7448,7449.4
in02_176.dat,7170,7171.45
in02_177.dat,8072,8077.65
in02_178.dat,7827,7840.15
in02_179.dat,7647,7654.2
in02_180.dat,7988,7995.4
in02_181.dat,10960,10970.85
in02_182.dat,10037,10051.65
in02_183.dat,10562,10573.85
in02_184.dat,10594,10610.8
in02_185.dat,10374,10381.85
in02_186.dat,10115,10122.45
in02_187.dat,10513,10517.65
in02_188.dat,11584,11593.25
in02_189.dat,10848,10855.8
in02_190.dat,10185,10202.15
in02_191.dat,10548,10562.35
in02_192.dat,10824,10839.05
in02_193.dat,10780,10785.6
in02_194.dat,11270,11279.8
in02_195.dat,10836,10845.5
in02_196.dat,9766,9769.75
in02_197.dat,10608,10617.8
in02_198.dat,11714,11731.95
in02_199.dat,11407,11420.3
in02_200.dat,12091,12118.65
in02_201.dat,9761,9772
in02_202.dat,11063,11075.65
in02_203.dat,10907,10916.25
in02_204.dat,9728,9737.2
in02_205.dat,9940,9950.3
in02_206.dat,10267,10278.75
in02_207.dat,10116,10123.2
in02_208.dat,9635,9642
in02_209.dat,10110,10125.85
in02_210.dat,10103,10111.3
in02_211.dat,10600,10611.25
in02_212.dat,11379,11386.1
in02_213.dat,10693,10700.2
in02_214.dat,9390,9396.2
in02_215.dat,10315,10318.5
in02_216.dat,10208,10219.35
in02_217.dat,11409,11418.8
in02_218.dat,11125,11132.75
in02_219.dat,9916,9922.9
in02_220.dat,10823,10828.3
in02_221.dat,11177,11184.6
in02_222.dat,10244,10252.7
in02_223.dat,9939,9945.8
in02_224.dat,10844,10853.1
in02_225.dat,10415,10424.45
in02_226.dat,10147,10156.35
in02_227.dat,10103,10111.8
in02_228.dat,9723,9729.8
in02_229.dat,10408,10415.05
in02_230.dat,10462,10470.75
in02_231.dat,10071,10080.85
in02_232.dat,9793,9800.7
in02_233.dat,10391,10395.65
in02_234.dat,10542,10547.45
in02_235.dat,10230,10238.9
in02_236.dat,10345,10355.35
in02_237.dat,11065,11070.3
in02_238.dat,9690,9702.25
in02_239.dat,10110,10120.35
in02_240.dat,10760,10772.9
in02_241.dat,12951,12968.35
in02_242.dat,12163,12176.95
in02_243.dat,13100,13109.9
in02_244.dat,12947,12959.85
in02_245.dat,12424,12433.85
in02_246.dat,13887,13897.35
in02_247.dat,12866,12877.85
in02_248.dat,13228,13240
in02_249.dat,13040,13052.05
in02_250.dat,12290,12302.9
in02_251.dat,12933,12945.9
in02_252.dat,13198,13208.7
in02_253.dat,12559,12572.25
in02_254.dat,12398,12409.7
in02_255.dat,13946,13959.3
in02_256.dat,13451,13458
in02_257.dat,12590,12599
in02_258.dat,13557,13569.95
in02_259.dat,12658,12669.45
in02_260.dat,13431,13446.05
in02_261.dat,12721,12733.4
in02_262.dat,13755,13767.55
in02_263.dat,12320,12334.95
in02_264.dat,12660,12667
in02_265.dat,12433,12439.9
in02_266.dat,13089,13097.05
in02_267.dat,12608,12616.25
in02_268.dat,13905,13923.75
in02_269.dat,12229,12240.05
in02_270.dat,13675,13684.35
in02_271.dat,13790,13798.25
in02_272.dat,13742,13749.15
in02_273.dat,13385,13398.45
in02_274.dat,11927,11939.5
in02_275.dat,12861,12871.95
in02_276.dat,12743,12766.6
in02_277.dat,12901,12911
in02_278.dat,12104,12114.4
in02_279.dat,13147,13157.45
in02_280.dat,13694,13704.7
in02_281.dat,11918,11928.65
in02_282.dat,13506,13520.4
in02_283.dat,13076,13086.6
in02_284.dat,12313,12330.4
in02_285.dat,13941,13951.75
in02_286.dat,13326,13338.15
in02_287.dat,12279,12297.2
in02_288.dat,14043,14056.6
in02_289.dat,12092,12103.1
in02_290.dat,13348,13369.6
in02_291.dat,13653,13660.35
in02_292.dat,13773,13780.85
in02_293.dat,13717,13735.6
in02_294.dat,12572,12583.5
in02_295.dat,12154,12160.95
in02_296.dat,12340,12351.9
in02_297.dat,13668,13677.4
in02_298.dat,13486,13502.05
in02_299.dat,12317,12327
in02_300.dat,13314,13327.5
in02_301.dat,14742,14752.2
in02_302.dat,15566,15579.45
in02_303.dat,14860,14875
in02_304.dat,16375,16391.8
in02_305.dat,15039,15061.7
in02_306.dat,15260,15274.75
in02_307.dat,14367,14388
in02_308.dat,15980,15989.2
in02_309.dat,15477,15488.85
in02_310.dat,15345,15356.8
in02_311.dat,14927,14941.8
in02_312.dat,15616,15624.1
in02_313.dat,16304,16315.15
in02_314.dat,16624,16636.75
in02_315.dat,15146,15156.2
in02_316.dat,15105,15113.4
in02_317.dat,15427,15450.35
in02_318.dat,16157,16171.4
in02_319.dat,15983,15992.05
in02_320.dat,15715,15730.85
in02_321.dat,15776,15784.9
in02_322.dat,16380,16394.35
in02_323.dat,16290,16309.75
in02_324.dat,15225,15240.2
in02_325.dat,14837,14854.3
in02_326.dat,14796,14814.85
in02_327.dat,15288,15302.85
in02_328.dat,15455,15467.3
in02_329.dat,15213,15224.9
in02_330.dat,15526,15538.6
in02_331.dat,15125,15139.85
in02_332.dat,14782,14795
in02_333.dat,14580,14592.85
in02_334.dat,14757,14768.45
in02_335.dat,15789,15800.6
in02_336.dat,16567,16583.65
in02_337.dat,15961,15976.2
in02_338.dat,15497,15516.9
in02_339.dat,15941,15954.7
in02_340.dat,15217,15228.15
in02_341.dat,16735,16744.05
in02_342.dat,15494,15506.15
in02_343.dat,15920,15936.85
in02_344.dat,15838,15862.4
in02_345.dat,14912,14926
in02_346.dat,14690,14700.05
in02_347.dat,16087,16095.35
in02_348.dat,14514,14530.85
in02_349.dat,15228,15243.25
in02_350.dat,16163,16173.85
in02_351.dat,16072,16087.05
in02_352.dat,15881,15896.65
in02_353.dat,15043,15059.4
in02_354.dat,14937,14947.65
in02_355.dat,14525,14535.55
in02_356.dat,15276,15288.75
in02_357.dat,15891,15904.25
in02_358.dat,15941,15955.1
in02_359.dat,15792,15805.85
in02_360.dat,16811,16821.95
in06_001.dat,2569,2570
in06_002.dat,2627,2627
in06_003.dat,2881,2881
in06_004.dat,2887,2887.1
in06_005.dat,2922,2922
in06_006.dat,3117,3117
in06_007.dat,2865,2865
in06_008.dat,2707,2707
in06_009.dat,3366,3366
in06_010.dat,3303,3303
in06_011.dat,2978,2978
in06_012.dat,2657,2657
in06_013.dat,3504,3504
in06_014.dat,2959,2959
in06_015.dat,3225,3225
in06_016.dat,3533,3533
in06_017.dat,2679,2679
in06_018.dat,2812,2812
in06_019.dat,3453,3453
in06_020.dat,2564,2564
in06_021.dat,2633,2633
in06_022.dat,3387,3387
in06_023.dat,3074,3074
in06_024.dat,3037,3037
in06_025.dat,3043,3043
in06_026.dat,2488,2488
in06_027.dat,3388,3388
in06_028.dat,3136,3136
in06_029.dat,2865,2865
in06_030.dat,3037,3037
in06_031.dat,3370,3370
in06_032.dat,2771,2771
in06_033.dat,3536,3536
in06_034.dat,2862,2862
in06_035.dat,3170,3170
in06_036.dat,2760,2760
in06_037.dat,2924,2924
in06_038.dat,2743,2743
in06_039.dat,2923,2923
in06_040.dat,3091,3091
in06_041.dat,2876,2876
in06_042.dat,2851,2851
in06_043.dat,2760,2760
in06_044.dat,2554,2554
in06_045.dat,3178,3178
in06_046.dat,2653,2653
in06_047.dat,3357,3357
in06_048.dat,3044,3044
in06_049.dat,2980,2980
in06_050.dat,2651,2651
in06_051.dat,2886,2886
in06_052.dat,2633,2633
in06_053.dat,2325,2325
in06_054.dat,2836,2836
in06_055.dat,2845,2845
in06_056.dat,2596,2596
in06_057.dat,2737,2737
in06_058.dat,3351,3351
in06_059.dat,2904,2904
in06_060.dat,3466,3466
in06_061.dat,5513,5523.6
in06_062.dat,6146,6154.7
in06_063.dat,4831,4831.4
in06_064.dat,6098,6101.15
in06_065.dat,5868,5876
in06_066.dat,5829,5833
in06_067.dat,6293,6293
in06_068.dat,5287,5289
in06_069.dat,5789,5789.4
in06_070.dat,5996,6000
in06_071.dat,5841,5850.45
in06_072.dat,6003,6011
in06_073.dat,5485,5489.35
in06_074.dat,5862,5862
in06_075.dat,5623,5623.8
in06_076.dat,5896,5899.55
in06_077.dat,6041,6044.5
in06_078.dat,5804,5812.4
in06_079.dat,5936,5936.95
in06_080.dat,5646,5662.3
in06_081.dat,5093,5096.5
in06_082.dat,5647,5652.35
in06_083.dat,5471,5471.3
in06_084.dat,4946,4946
in06_085.dat,5200,5203.75
in06_086.dat,4922,4924.9
in06_087.dat,5680,5685.35
in06_088.dat,5137,5137.7
in06_089.dat,5515,5516.65
in06_090.dat,5919,5926.2
in06_091.dat,5146,5146.7
in06_092.dat,5019,5022.2
in06_093.dat,6425,6426.15
in06_094.dat,5301,5301.1
in06_095.dat,6455,6458.95
in06_096.dat,6343,6343.25
in06_097.dat,5657,5657.05
in06_098.dat,5523,5524.1
in06_099.dat,5531,5531.85
in06_100.dat,5955,5965.5
in06_101.dat,5679,5679
in06_102.dat,6108,6108
in06_103.dat,5270,5271.8
in06_104.dat,5530,5530
in06_105.dat,5658,5660.4
in06_106.dat,4453,4454.9
in06_107.dat,4693,4693.75
in06_108.dat,6195,6197.9
in06_109.dat,5286,5288.4
in06_110.dat,5334,5334
in06_111.dat,6063,6063
in06_112.dat,5349,5350.4
in06_113.dat,5660,5661
in06_114.dat,6726,6727.05
in06_115.dat,5534,5534
in06_116.dat,5301,5305.75
in06_117.dat,5067,5068.15
in06_118.dat,5328,5330.85
in06_119.dat,5075,5076.55
in06_120.dat,5595,5595.4
in06_121.dat,8459,8462.55
in06_122.dat,8443,8454.2
in06_123.dat,8522,8529.55
in06_124.dat,9344,9352.5
in06_125.dat,7940,7958.4
in06_126.dat,8074,8084.75
in06_127.dat,8394,8401.85
in06_128.dat,8841,8844.7
in06_129.dat,8788,8805.4
in06_130.dat,8213,8219.7
in06_131.dat,8512,8517.85
in06_132.dat,8376,8379.25
in06_133.dat,8439,8441.1
in06_134.dat,8419,8426.8
in06_135.dat,8607,8613.6
in06_136.dat,7891,7905.25
in06_137.dat,8530,8552.65
in06_138.dat,8808,8819.7
in06_139.dat,9263,9278.8
in06_140.dat,8118,8132.9
in06_141.dat,7948,7952.55
in06_142.dat,8030,8034.15
in06_143.dat,8811,8815.1
in06_144.dat,7394,7402.95
in06_145.dat,8696,8703.7
in06_146.dat,8324,8328.5
in06_147.dat,8546,8551.35
in06_148.dat,7273,7279.55
in06_149.dat,8324,8328.65
in06_150.dat,8315,8321.55
in06_151.dat,8391,8397
in06_152.dat,7895,7900.7
in06_153.dat,7799,7806.1
in06_154.dat,8396,8404.5
in06_155.dat,8223,8225.4
in06_156.dat,7805,7806.65
in06_157.dat,7721,7735.15
in06_158.dat,9079,9097.05
in06_159.dat,9148,9153.5
in06_160.dat,8362,8373.5
in06_161.dat,7946,7957.45
in06_162.dat,8702,8706.3
in06_163.dat,7504,7510.1
in06_164.dat,8878,8886.7
in06_165.dat,8118,8121.9
in06_166.dat,8650,8652.35
in06_167.dat,8430,8438.45
in06_168.dat,8519,8524.95
in06_169.dat,8148,8154.3
in06_170.dat,8868,8883.35
in06_171.dat,8072,8077
in06_172.dat,7591,7599.8
in06_173.dat,7687,7693.55
in06_174.dat,8083,8088.5
in06_175.dat,7754,7758.65
in06_176.dat,7883,7886.45
in06_177.dat,8471,8476.85
in06_178.dat,7699,7709.9
in06_179.dat,7885,7891.9
in06_180.dat,7911,7916.5
in06_181.dat,11020,11027.85
in06_182.dat,11171,11184.85
in06_183.dat,10378,10397.2
in06_184.dat,11585,11600.45
in06_185.dat,10291,10310
in06_186.dat,10891,10900.05
in06_187.dat,11078,11085.1
in06_188.dat,10619,10629.3
in06_189.dat,10076,10094.75
in06_190.dat,10060,10068.6
in06_191.dat,11128,11139.95
in06_192.dat,10804,10811.6
in06_193.dat,9377,9392.85
in06_194.dat,11306,11320.75
in06_195.dat,10815,10818.8
in06_196.dat,11090,11108.7
in06_197.dat,10698,10707.5
in06_198.dat,11963,11974.7
in06_199.dat,11317,11328.7
in06_200.dat,10070,10085.45
in06_201.dat,11769,11775.4
in06_202.dat,10913,10921.7
in06_203.dat,11331,11340.4
in06_204.dat,10114,10126.75
in06_205.dat,10682,10691.05
in06_206.dat,9429,9444.95
in06_207.dat,10089,10100.45
in06_208.dat,11181,11188
in06_209.dat,10244,10253.45
in06_210.dat,9473,9485.6
in06_211.dat,11556,11571.7
in06_212.dat,11375,11385.65
in06_213.dat,10600,10607.45
in06_214.dat,11491,11503.9
in06_215.dat,10408,10428.65
in06_216.dat,10531,10541.45
in06_217.dat,10578,10587.95
in06_218.dat,10679,10684.8
in06_219.dat,10405,10419.05
in06_220.dat,9929,9954.25
in06_221.dat,10829,10837.8
in06_222.dat,10840,10853.95
in06_223.dat,11255,11266.2
in06_224.dat,10401,10409.55
in06_225.dat,10752,10765
in06_226.dat,11428,11439.95
in06_227.dat,9231,9237.4
in06_228.dat,11309,11318.5
in06_229.dat,9985,9992.8
in06_230.dat,10002,10011.2
in06_231.dat,10123,10133.85
in06_232.dat,10673,10685.6
in06_233.dat,10419,10427.85
in06_234.dat,10079,10086.8
in06_235.dat,9719,9725.1
in06_236.dat,10478,10488
in06_237.dat,11171,11179.65
in06_238.dat,10480,10487.25
in06_239.dat,10179,10191.8
in06_240.dat,10612,10621.5
in06_241.dat,12731,12741.95
in06_242.dat,13666,13681.1
in06_243.dat,12685,12714.6
in06_244.dat,14552,14571.75
in06_245.dat,12807,12837.75
in06_246.dat,12927,12936.45
in06_247.dat,12940,12954.2
in06_248.dat,14057,14068.9
in06_249.dat,12930,12941.9
in06_250.dat,13484,13491.1
in06_251.dat,13660,13682.25
in06_252.dat,13377,13403.75
in06_253.dat,14295,14305.7
in06_254.dat,14102,14112.85
in06_255.dat,13013,13025.2
in06_256.dat,14077,14109.2
in06_257.dat,13454,13467.5
in06_258.dat,12719,12743.1
in06_259.dat,13026,13039
in06_260.dat,13392,13404.4
in06_261.dat,14037,14048.5
in06_262.dat,13596,13606.5
in06_263.dat,13224,13231.25
in06_264.dat,13061,13068.2
in06_265.dat,13508,13519
in06_266.dat,11886,11899.75
in06_267.dat,13271,13284.3
in06_268.dat,13608,13620.25
in06_269.dat,13123,13134.1
in06_270.dat,12400,12421.1
in06_271.dat,14379,14388.25
in06_272.dat,12687,12695.25
in06_273.dat,13069,13080.75
in06_274.dat,13611,13620.5
in06_275.dat,13317,13323.7
in06_276.dat,13542,13549.75
in06_277.dat,13594,13606.95
in06_278.dat,12934,12945.05
in06_279.dat,13268,13283.6
in06_280.dat,13143,13154.55
in06_281.dat,11910,11930.3
in06_282.dat,12669,12678.95
in06_283.dat,13807,13817.2
in06_284.dat,13666,13677.75
in06_285.dat,13226,13237.6
in06_286.dat,13467,13474.25
in06_287.dat,12714,12720.3
in06_288.dat,12770,12778.75
in06_289.dat,12159,12183.75
in06_290.dat,13001,13011.7
in06_291.dat,13053,13076.5
in06_292.dat,12610,12620.3
in06_293.dat,14013,14024.55
in06_294.dat,13665,13679.4
in06_295.dat,13032,13044.85
in06_296.dat,11846,11853.45
in06_297.dat,13527,13542.3
in06_298.dat,13586,13597.25
in06_299.dat,14033,14046.5
in06_300.dat,12643,12654.35
in06_301.dat,15362,15373
in06_302.dat,16292,16300.55
in06_303.dat,16587,16609.15
in06_304.dat,16496,16515.45
in06_305.dat,16316,16351.65
in06_306.dat,14909,14940.75
in06_307.dat,14908,14937.65
in06_308.dat,14609,14631.65
in06_309.dat,16214,16236.25
in06_310.dat,16036,16062
in06_311.dat,15530,15541.75
in06_312.dat,16115,16138.3
in06_313.dat,15360,15380.55
in06_314.dat,16475,16496.55
in06_315.dat,17386,17401.9
in06_316.dat,17004,17022.1
in06_317.dat,17294,17311.8
in06_318.dat,15789,15823.85
in06_319.dat,14994,15017.75
in06_320.dat,15806,15826.6
in06_321.dat,16834,16843.35
in06_322.dat,15828,15844.2
in06_323.dat,15219,15236.4
in06_324.dat,15879,15889.4
in06_325.dat,16363,16375.7
in06_326.dat,16079,16095.45
in06_327.dat,15261,15274.1
in06_328.dat,16054,16067.75
in06_329.dat,15759,15774.45
in06_330.dat,15216,15230.05
in06_331.dat,16206,16222.45
in06_332.dat,15117,15132.8
in06_333.dat,15832,15843.75
in06_334.dat,16382,16389.35
in06_335.dat,15921,15931.9
in06_336.dat,14674,14683.05
in06_337.dat,15434,15457.4
in06_338.dat,15910,15922.35
in06_339.dat,15944,15953.3
in06_340.dat,13905,13916.65
in06_341.dat,16347,16363.05
in06_342.dat,15193,15203.7
in06_343.dat,15829,15843.55
in06_344.dat,15439,15458.75
in06_345.dat,15706,15717.75
in06_346.dat,15675,15691.9
in06_347.dat,16239,16247.35
in06_348.dat,16748,16758.35
in06_349.dat,14149,14168.45
in06_350.dat,15734,15747.4
in06_351.dat,16066,16080
in06_352.dat,16128,16142.8
in06_353.dat,15741,15754.75
in06_354.dat,16234,16250.35
in06_355.dat,14648,14671.4
in06_356.dat,15766,15780.5
in06_357.dat,15479,15491.65
in06_358.dat,14005,14013.2
in06_359.dat,15655,15669.7
in06_360.dat,16171,16184.7
in10_001.dat,3554,3554
in10_002.dat,3297,3297
in10_003.dat,3182,3182
in10_004.dat,3460,3460
in10_005.dat,3288,3288
in10_006.dat,3699,3699.6
in10_007.dat,3478,3479.8
in10_008.dat,3455,3455
in10_009.dat,3622,3622
in10_010.dat,3391,3391
in10_011.dat,3521,3521
in10_012.dat,3392,3392
in10_013.dat,3191,3191
in10_014.dat,3462,3465.3
in10_015.dat,3513,3513
in10_016.dat,2896,2898.6
in10_017.dat,2692,2693.4
in10_018.dat,3485,3485
in10_019.dat,3360,3360
in10_020.dat,3259,3259
in10_021.dat,2749,2749
in10_022.dat,3261,3261
in10_023.dat,3104,3104
in10_024.dat,3153,3153
in10_025.dat,3580,3580
in10_026.dat,3298,3298
in10_027.dat,3136,3136
in10_028.dat,2618,2618
in10_029.dat,2904,2904
in10_030.dat,2786,2786
in10_031.dat,2621,2621
in10_032.dat,2820,2820
in10_033.dat,3106,3106
in10_034.dat,3368,3368
in10_035.dat,3058,3058
in10_036.dat,2496,2496
in10_037.dat,3224,3224
in10_038.dat,3295,3295
in10_039.dat,3179,3179
in10_040.dat,3214,3214
in10_041.dat,3289,3289
in10_042.dat,2879,2879
in10_043.dat,3500,3500
in10_044.dat,2889,2889
in10_045.dat,2905,2905
in10_046.dat,3313,3313
in10_047.dat,3199,3199
in10_048.dat,3050,3050
in10_049.dat,3247,3247
in10_050.dat,2667,2667
in10_051.dat,2830,2830
in10_052.dat,3166,3166
in10_053.dat,2940,2940
in10_054.dat,2968,2968
in10_055.dat,3170,3170
in10_056.dat,3205,3205
in10_057.dat,3089,3089
in10_058.dat,3306,3306
in10_059.dat,3095,3095
in10_060.dat,2555,2555
in10_061.dat,6661,6698.1
in10_062.dat,6840,6840.35
in10_063.dat,5942,5964.3
in10_064.dat,5591,5607.5
in10_065.dat,5356,5386
in10_066.dat,5865,5873.45
in10_067.dat,6655,6658.1
in10_068.dat,6868,6880.6
in10_069.dat,6519,6539.45
in10_070.dat,6581,6602.25
in10_071.dat,6703,6737.7
in10_072.dat,5746,5759.95
in10_073.dat,5485,5501.3
in10_074.dat,6303,6304.4
in10_075.dat,5841,5842.3
in10_076.dat,6259,6260.5
in10_077.dat,5488,5502.85
in10_078.dat,5969,5971.3
in10_079.dat,6182,6199.9
in10_080.dat,6403,6426.65
in10_081.dat,5149,5150.4
in10_082.dat,5729,5733
in10_083.dat,5278,5291.05
in10_084.dat,5472,5475.95
in10_085.dat,4724,4728.25
in10_086.dat,5089,5092.95
in10_087.dat,5818,5818.65
in10_088.dat,5628,5628
in10_089.dat,4866,4875.9
in10_090.dat,6325,6326.8
in10_091.dat,5348,5349.9
in10_092.dat,5290,5291.3
in10_093.dat,5513,5516.95
in10_094.dat,4879,4879.7
in10_095.dat,6127,6130
in10_096.dat,5366,5379.55
in10_097.dat,5678,5682
in10_098.dat,5845,5847
in10_099.dat,4687,4688.05
in10_100.dat,5616,5619
in10_101.dat,5833,5835.35
in10_102.dat,5098,5101.55
in10_103.dat,5329,5329
in10_104.dat,6199,6199.55
in10_105.dat,5599,5599
in10_106.dat,5190,5198.65
in10_107.dat,5529,5534.8
in10_108.dat,5524,5531.9
in10_109.dat,5888,5890.65
in10_110.dat,5547,5548.8
in10_111.dat,5182,5182
in10_112.dat,5729,5729.6
in10_113.dat,5612,5620.9
in10_114.dat,6001,6002.6
in10_115.dat,5224,5229.9
in10_116.dat,5358,5358.45
in10_117.dat,6270,6272.75
in10_118.dat,5964,5964
in10_119.dat,5716,5725.95
in10_120.dat,6001,6002.9
in10_121.dat,8428,8460.8
in10_122.dat,8608,8627
in10_123.dat,9298,9316.95
in10_124.dat,8671,8688.95
in10_125.dat,9581,9599.6
in10_126.dat,8558,8577.9
in10_127.dat,8610,8635.15
in10_128.dat,9087,9109
in10_129.dat,8784,8814.25
in10_130.dat,8529,8575.45
in10_131.dat,8065,8085.25
in10_132.dat,9791,9808.25
in10_133.dat,9087,9142
in10_134.dat,8720,8732.9
in10_135.dat,8719,8725.55
in10_136.dat,9180,9184.9
in10_137.dat,9606,9625.15
in10_138.dat,9206,9219.5
in10_139.dat,9041,9088.55
in10_140.dat,8526,8552.95
in10_141.dat,8528,8529.1
in10_142.dat,7760,7763.1
in10_143.dat,7933,7940.65
in10_144.dat,8038,8043.8
in10_145.dat,8542,8549.85
in10_146.dat,8612,8621.2
in10_147.dat,8245,8251.1
in10_148.dat,8082,8090.25
in10_149.dat,8622,8624.8
in10_150.dat,7716,7728.95
in10_151.dat,8627,8629.9
in10_152.dat,7425,7431.25
in10_153.dat,8795,8795.8
in10_154.dat,7665,7689
in10_155.dat,8407,8409.05
in10_156.dat,7973,7976.7
in10_157.dat,8221,8226.55
in10_158.dat,8062,8084.05
in10_159.dat,8510,8522.2
in10_160.dat,7833,7845.5
in10_161.dat,7385,7395.75
in10_162.dat,7453,7458.95
in10_163.dat,8310,8315.15
in10_164.dat,8156,8159.8
in10_165.dat,7780,7786.65
in10_166.dat,7808,7812.55
in10_167.dat,8248,8254.25
in10_168.dat,8653,8655.95
in10_169.dat,7533,7548.25
in10_170.dat,8743,8745.9
in10_171.dat,8308,8310.7
in10_172.dat,8467,8478.1
in10_173.dat,8073,8084.2
in10_174.dat,7445,7453.35
in10_175.dat,7869,7874.9
in10_176.dat,8318,8321.4
in10_177.dat,8784,8790.25
in10_178.dat,8683,8689.6
in10_179.dat,8357,8362.35
in10_180.dat,7634,7637.6
in10_181.dat,11192,11232.85
in10_182.dat,12091,12142.1
in10_183.dat,12062,12105.3
in10_184.dat,12278,12287
in10_185.dat,11562,11595.8
in10_186.dat,11475,11507.25
in10_187.dat,11761,11776.3
in10_188.dat,12358,12389.45
in10_189.dat,11646,11706.05
in10_190.dat,11611,11631.35
in10_191.dat,10906,10971.2
in10_192.dat,11641,11663.7
in10_193.dat,11772,11813.3
in10_194.dat,10931,10960.3
in10_195.dat,12222,12260.15
in10_196.dat,12213,12229.1
in10_197.dat,11312,11334.1
in10_198.dat,12414,12452.2
in10_199.dat,11984,12044.9
in10_200.dat,11846,11879.65
in10_201.dat,11704,11719.15
in10_202.dat,9957,9969.15
in10_203.dat,10193,10200.75
in10_204.dat,10340,10349.8
in10_205.dat,10216,10225.65
in10_206.dat,10614,10624.45
in10_207.dat,11245,11250.5
in10_208.dat,9715,9722.8
in10_209.dat,11015,11037.65
in10_210.dat,10780,10788.9
in10_211.dat,11427,11452.65
in10_212.dat,10273,10281.2
in10_213.dat,10436,10446.05
in10_214.dat,10680,10702.95
in10_215.dat,10969,10981.3
in10_216.dat,11056,11063.15
in10_217.dat,11169,11173.6
in10_218.dat,10511,10520.25
in10_219.dat,11281,11295.85
in10_220.dat,11483,11514.2
in10_221.dat,10695,10700.4
in10_222.dat,11295,11302.95
in10_223.dat,11148,11153.9
in10_224.dat,10697,10709.15
in10_225.dat,11077,11090.65
in10_226.dat,9715,9722.55
in10_227.dat,10909,10917
in10_228.dat,10728,10738.1
in10_229.dat,10552,10568.35
in10_230.dat,10973,10982.6
in10_231.dat,11136,11143.95
in10_232.dat,10613,10621.35
in10_233.dat,11011,11019.15
in10_234.dat,12057,12065.9
in10_235.dat,11622,11628.9
in10_236.dat,10658,10663.35
in10_237.dat,10599,10606.65
in10_238.dat,11344,11348.65
in10_239.dat,11901,11907.4
in10_240.dat,10929,10947.2
in10_241.dat,14569,14618.75
in10_242.dat,13945,13972.7
in10_243.dat,14619,14674.95
in10_244.dat,14944,14981.15
in10_245.dat,14806,14862.35
in10_246.dat,14182,14215.2
in10_247.dat,14090,14144
in10_248.dat,13664,13686.5
in10_249.dat,14652,14708.75
in10_250.dat,13942,13982.05
in10_251.dat,14830,14858.15
in10_252.dat,13663,13714.1
in10_253.dat,14323,14369.3
in10_254.dat,13843,13901.25
in10_255.dat,14014,14043.5
in10_256.dat,15717,15766.2
in10_257.dat,13990,14019.45
in10_258.dat,15022,15042.5
in10_259.dat,13949,13968.3
in10_260.dat,13357,13411
in10_261.dat,13593,13607.55
in10_262.dat,13009,13024.85
in10_263.dat,12524,12537.4
in10_264.dat,12918,12946.05
in10_265.dat,13707,13731.25
in10_266.dat,11982,11992.6
in10_267.dat,13066,13075.1
in10_268.dat,14748,14765.05
in10_269.dat,12946,12956.55
in10_270.dat,13280,13295.7
in10_271.dat,13050,13061.55
in10_272.dat,14329,14340.85
in10_273.dat,13073,13080.5
in10_274.dat,14025,14033.8
in10_275.dat,13649,13660.05
in10_276.dat,14383,14397.9
in10_277.dat,13829,13843.2
in10_278.dat,13415,13424.55
in10_279.dat,13613,13641.1
in10_280.dat,13495,13503.6
in10_281.dat,14351,14363.5
in10_282.dat,13524,13536.55
in10_283.dat,13439,13446.65
in10_284.dat,13409,13427.95
in10_285.dat,13561,13574.45
in10_286.dat,13119,13136.15
in10_287.dat,11253,11264.95
in10_288.dat,12624,12655.85
in10_289.dat,12780,12791.4
in10_290.dat,13878,13894.6
in10_291.dat,13429,13443.85
in10_292.dat,11882,11894.4
in10_293.dat,13624,13634.5
in10_294.dat,12002,12021.05
in10_295.dat,13094,13112.65
in10_296.dat,13448,13459.05
in10_297.dat,12867,12878.35
in10_298.dat,13593,13609.65
in10_299.dat,13675,13687.9
in10_300.dat,13160,13173.65
in10_301.dat,16673,16728.6
in10_302.dat,17935,17988.8
in10_303.dat,16535,16601.35
in10_304.dat,16381,16412.75
in10_305.dat,15927,15975.25
in10_306.dat,17918,17956.9
in10_307.dat,16427,16480.6
in10_308.dat,16196,16251.25
in10_309.dat,15558,15586.85
in10_310.dat,17669,17724.15
in10_311.dat,16691,16746.9
in10_312.dat,16411,16455
in10_313.dat,16932,16993.45
in10_314.dat,17158,17198.2
in10_315.dat,16688,16727.25
in10_316.dat,17272,17316.35
in10_317.dat,15992,16042.45
in10_318.dat,17718,17809.55
in10_319.dat,16372,16425.3
in10_320.dat,18183,18202.75
in10_321.dat,17529,17540.65
in10_322.dat,16061,16086.85
in10_323.dat,16157,16169.5
in10_324.dat,16218,16237.45
in10_325.dat,17339,17355.65
in10_326.dat,15679,15692.2
in10_327.dat,16684,16697.6
in10_328.dat,15714,15724
in10_329.dat,15423,15434.45
in10_330.dat,15916,15929.05
in10_331.dat,15118,15133.75
in10_332.dat,15823,15835.4
in10_333.dat,16574,16590.2
in10_334.dat,15500,15511
in10_335.dat,15773,15785.75
in10_336.dat,15241,15257.45
in10_337.dat,16740,16757.3
in10_338.dat,16381,16390
in10_339.dat,15470,15505.3
in10_340.dat,16482,16500.55
in10_341.dat,15126,15135.5
in10_342.dat,16240,16256.8
in10_343.dat,16354,16362.7
in10_344.dat,14472,14487.55
in10_345.dat,15947,15966.85
in10_346.dat,15446,15452.55
in10_347.dat,16888,16895.9
in10_348.dat,16423,16432.35
in10_349.dat,16002,16021.3
in10_350.dat,15301,15318.2
in10_351.dat,15033,15047.35
in10_352.dat,15968,15976.85
in10_353.dat,16738,16751.9
in10_354.dat,15206,15221.5
in10_355.dat,15818,15828.65
in10_356.dat,16243,16259.2
in10_357.dat,15363,15375.05
in10_358.dat,15783,15796.7
in10_359.dat,15442,15450.2
in10_360.dat,16285,16304.1
in14_001.dat,3764,3764
in14_002.dat,3542,3542
in14_003.dat,4350,4350
in14_004.dat,3972,3977.2
in14_005.dat,4139,4143.8
in14_006.dat,3655,3655
in14_007.dat,3872,3872
in14_008.dat,3927,3927.4
in14_009.dat,3718,3718
in14_010.dat,4155,4156.05
in14_011.dat,3665,3670.6
in14_012.dat,3170,3170
in14_013.dat,3977,3977
in14_014.dat,3931,3931
in14_015.dat,3759,3759
in14_016.dat,3681,3681
in14_017.dat,3696,3696
in14_018.dat,3559,3560.2
in14_019.dat,4162,4162
in14_020.dat,4414,4414
in14_021.dat,3099,3099
in14_022.dat,3106,3106
in14_023.dat,3014,3014
in14_024.dat,3586,3586
in14_025.dat,3139,3139
in14_026.dat,3250,3250
in14_027.dat,3224,3224
in14_028.dat,2835,2835
in14_029.dat,3374,3374
in14_030.dat,3758,3758
in14_031.dat,3093,3093.05
in14_032.dat,2809,2810.2
in14_033.dat,2830,2830
in14_034.dat,2846,2846
in14_035.dat,2985,2985
in14_036.dat,3503,3503
in14_037.dat,3225,3225
in14_038.dat,3370,3370
in14_039.dat,3153,3153
in14_040.dat,3220,3220
in14_041.dat,3334,3334
in14_042.dat,3461,3461
in14_043.dat,2888,2888
in14_044.dat,3035,3035
in14_045.dat,3730,3730
in14_046.dat,3001,3001
in14_047.dat,3036,3036
in14_048.dat,2634,2634
in14_049.dat,2680,2680
in14_050.dat,3093,3093
in14_051.dat,2539,2539
in14_052.dat,2772,2772
in14_053.dat,3272,3272
in14_054.dat,2567,2567
in14_055.dat,3247,3247
in14_056.dat,2882,2882
in14_057.dat,3205,3205
in14_058.dat,3371,3371
in14_059.dat,2986,2986
in14_060.dat,2994,2994
in14_061.dat,7772,7781.1
in14_062.dat,7282,7325.15
in14_063.dat,7271,7272.2
in14_064.dat,7475,7475.2
in14_065.dat,7288,7292.45
in14_066.dat,7331,7335
in14_067.dat,7661,7664.85
in14_068.dat,7787,7832.8
in14_069.dat,7600,7621.7
in14_070.dat,7318,7318
in14_071.dat,7445,7457.6
in14_072.dat,7665,7665
in14_073.dat,7361,7367
in14_074.dat,7096,7097.1
in14_075.dat,7597,7610.65
in14_076.dat,7574,7577.6
in14_077.dat,7789,7806.4
in14_078.dat,7628,7646
in14_079.dat,7489,7489.85
in14_080.dat,7628,7628.4
in14_081.dat,5160,5162.1
in14_082.dat,5876,5892
in14_083.dat,5293,5296.25
in14_084.dat,5615,5616.65
in14_085.dat,6196,6196
in14_086.dat,5331,5331
in14_087.dat,5691,5693.25
in14_088.dat,5254,5266.35
in14_089.dat,5719,5719
in14_090.dat,5617,5618.8
in14_091.dat,6183,6196.35
in14_092.dat,5812,5812.4
in14_093.dat,6094,6095.6
in14_094.dat,4837,4843.15
in14_095.dat,6168,6168.65
in14_096.dat,5663,5669.8
in14_097.dat,5155,5159.6
in14_098.dat,5660,5662.2
in14_099.dat,6317,6329.95
in14_100.dat,5680,5683.7
in14_101.dat,5489,5491.95
in14_102.dat,5527,5535.45
in14_103.dat,5399,5399.7
in14_104.dat,4856,4862.9
in14_105.dat,5425,5429.9
in14_106.dat,5711,5713.3
in14_107.dat,6013,6013
in14_108.dat,6222,6241.9
in14_109.dat,5370,5373.3
in14_110.dat,5030,5036.55
in14_111.dat,5203,5209.75
in14_112.dat,5323,5328.6
in14_113.dat,6232,6232.05
in14_114.dat,5177,5181.5
in14_115.dat,5607,5607.8
in14_116.dat,6045,6046.9
in14_117.dat,5734,5735.85
in14_118.dat,5282,5285.75
in14_119.dat,5890,5890
in14_120.dat,6001,6002.1
in14_121.dat,10693,10693
in14_122.dat,10654,10659.15
in14_123.dat,11036,11036
in14_124.dat,11245,11297.2
in14_125.dat,10857,10857
in14_126.dat,10687,10687
in14_127.dat,11767,11801.2
in14_128.dat,10787,10816.7
in14_129.dat,10758,10765.3
in14_130.dat,10667,10667
in14_131.dat,10752,10790
in14_132.dat,11288,11321.35
in14_133.dat,11201,11232.25
in14_134.dat,10677,10724.4
in14_135.dat,10672,10672
in14_136.dat,10792,10794.85
in14_137.dat,11200,11201.35
in14_138.dat,11248,11288.95
in14_139.dat,10795,10826.1
in14_140.dat,10413,10413
in14_141.dat,8634,8639.3
in14_142.dat,8648,8650.65
in14_143.dat,8352,8374.3
in14_144.dat,7992,8013.6
in14_145.dat,8191,8196.2
in14_146.dat,7699,7720.75
in14_147.dat,7869,7884.85
in14_148.dat,8516,8536.85
in14_149.dat,8305,8310.45
in14_150.dat,8685,8689.45
in14_151.dat,8289,8292.6
in14_152.dat,8399,8405.6
in14_153.dat,7709,7712.05
in14_154.dat,8199,8200.75
in14_155.dat,8705,8712.25
in14_156.dat,8282,8303.35
in14_157.dat,8679,8684.4
in14_158.dat,8670,8686.45
in14_159.dat,8716,8728.65
in14_160.dat,8317,8325
in14_161.dat,8405,8424.9
in14_162.dat,8463,8469.9
in14_163.dat,9393,9403.8
in14_164.dat,8204,8215.55
in14_165.dat,7700,7711.65
in14_166.dat,8082,8083.3
in14_167.dat,8628,8631.1
in14_168.dat,8722,8728.35
in14_169.dat,8551,8555.7
in14_170.dat,8111,8116.5
in14_171.dat,8030,8034.2
in14_172.dat,8157,8163.85
in14_173.dat,8076,8076
in14_174.dat,8798,8805.9
in14_175.dat,7831,7841.35
in14_176.dat,8505,8507.1
in14_177.dat,7738,7742.05
in14_178.dat,8506,8513.1
in14_179.dat,8250,8254.8
in14_180.dat,8140,8145.3
in14_181.dat,14510,14510.8
in14_182.dat,14307,14317.8
in14_183.dat,14873,14891.25
in14_184.dat,14191,14194.65
in14_185.dat,13921,13925.2
in14_186.dat,13657,13702.35
in14_187.dat,14758,14760.7
in14_188.dat,14180,14187.75
in14_189.dat,14360,14366.55
in14_190.dat,14205,14265.95
in14_191.dat,15328,15361.5
in14_192.dat,14098,14100.3
in14_193.dat,14554,14588.6
in14_194.dat,13850,13850
in14_195.dat,13665,13727.55
in14_196.dat,14616,14620.75
in14_197.dat,14671,14728.3
in14_198.dat,14601,14625.75
in14_199.dat,14101,14120.3
in14_200.dat,14329,14364.9
in14_201.dat,11113,11117.65
in14_202.dat,10900,10920.75
in14_203.dat,11135,11161
in14_204.dat,10812,10824.35
in14_205.dat,11976,11993.35
in14_206.dat,11131,11138.45
in14_207.dat,10903,10918.2
in14_208.dat,10294,10312.55
in14_209.dat,12260,12278.5
in14_210.dat,12081,12091.45
in14_211.dat,10584,10595.4
in14_212.dat,11734,11752.35
in14_213.dat,12232,12256.05
in14_214.dat,9940,9993.6
in14_215.dat,11361,11368.8
in14_216.dat,11915,11923.5
in14_217.dat,11119,11129.1
in14_218.dat,11098,11110.65
in14_219.dat,11364,11374.45
in14_220.dat,10659,10685.3
in14_221.dat,11339,11350.65
in14_222.dat,9971,10000.75
in14_223.dat,10433,10455.35
in14_224.dat,10182,10193.2
in14_225.dat,9834,9849.5
in14_226.dat,10132,10145.7
in14_227.dat,11092,11100.1
in14_228.dat,11242,11250.9
in14_229.dat,9819,9827.8
in14_230.dat,10879,10893.55
in14_231.dat,11008,11044.4
in14_232.dat,11069,11073.75
in14_233.dat,12047,12058.3
in14_234.dat,10724,10738.9
in14_235.dat,11239,11259.05
in14_236.dat,9603,9624.8
in14_237.dat,10673,10693.15
in14_238.dat,10655,10670.3
in14_239.dat,10245,10251.6
in14_240.dat,10920,10923.9
in14_241.dat,18022,18039.55
in14_242.dat,18292,18316.8
in14_243.dat,17593,17633.15
in14_244.dat,17517,17553.5
in14_245.dat,17926,17968.45
in14_246.dat,17905,17927.9
in14_247.dat,17835,17895.55
in14_248.dat,18389,18436.8
in14_249.dat,18219,18262.8
in14_250.dat,17289,17289
in14_251.dat,18356,18366.25
in14_252.dat,17676,17678.5
in14_253.dat,18743,18783.85
in14_254.dat,17434,17434
in14_255.dat,17900,17923.15
in14_256.dat,17921,17946.95
in14_257.dat,17969,17997.75
in14_258.dat,18181,18228.75
in14_259.dat,17841,17869.45
in14_260.dat,17631,17649.35
in14_261.dat,15328,15347.55
in14_262.dat,14129,14142.05
in14_263.dat,13185,13208.85
in14_264.dat,13282,13326.15
in14_265.dat,13508,13517.65
in14_266.dat,13902,13923
in14_267.dat,13502,13521.1
in14_268.dat,13769,13790.4
in14_269.dat,12972,12988.25
in14_270.dat,13639,13663.4
in14_271.dat,13718,13741.75
in14_272.dat,13954,13977.85
in14_273.dat,14998,15028.8
in14_274.dat,14130,14136.3
in14_275.dat,13968,13982.2
in14_276.dat,14408,14420.9
in14_277.dat,14038,14063.55
in14_278.dat,12693,12712.05
in14_279.dat,12571,12599.75
in14_280.dat,14218,14232.85
in14_281.dat,13276,13294.6
in14_282.dat,12871,12882.6
in14_283.dat,13096,13107.4
in14_284.dat,12774,12792.2
in14_285.dat,13536,13546.9
in14_286.dat,13154,13164.95
in14_287.dat,13358,13373.85
in14_288.dat,12455,12469.05
in14_289.dat,13224,13231.6
in14_290.dat,13664,13678.95
in14_291.dat,13532,13555.65
in14_292.dat,13080,13096.7
in14_293.dat,13677,13691.75
in14_294.dat,11995,12012.4
in14_295.dat,12776,12792.3
in14_296.dat,12695,12706.55
in14_297.dat,13271,13281.8
in14_298.dat,13066,13078.95
in14_299.dat,12937,12948.45
in14_300.dat,14221,14239.8
in14_301.dat,20877,20883.05
in14_302.dat,20768,20770.7
in14_303.dat,21708,21760.25
in14_304.dat,22014,22060.05
in14_305.dat,21134,21162.7
in14_306.dat,21578,21632.05
in14_307.dat,21135,21176.4
in14_308.dat,20224,20224.65
in14_309.dat,21576,21593.35
in14_310.dat,21164,21164
in14_311.dat,21338,21353.7
in14_312.dat,21749,21821
in14_313.dat,22205,22214.15
in14_314.dat,21485,21537.05
in14_315.dat,21580,21580.25
in14_316.dat,20847,20861.3
in14_317.dat,21460,21460.2
in14_318.dat,21326,21339.75
in14_319.dat,21060,21063.3
in14_320.dat,21090,21093.55
in14_321.dat,17416,17443.1
in14_322.dat,16063,16084.85
in14_323.dat,16288,16318.9
in14_324.dat,16830,16848.05
in14_325.dat,15377,15397.35
in14_326.dat,16227,16251.1
in14_327.dat,15588,15605.4
in14_328.dat,15194,15226
in14_329.dat,15480,15504.7
in14_330.dat,16743,16777.5
in14_331.dat,15563,15590.7
in14_332.dat,15141,15179.7
in14_333.dat,16114,16133.7
in14_334.dat,17182,17199.1
in14_335.dat,16559,16573.05
in14_336.dat,16049,16081.95
in14_337.dat,16957,16976.45
in14_338.dat,15023,15054.4
in14_339.dat,16793,16811.95
in14_340.dat,15368,15406.05
in14_341.dat,16196,16218.2
in14_342.dat,16276,16287.3
in14_343.dat,15866,15879.35
in14_344.dat,15612,15625.95
in14_345.dat,16391,16408.65
in14_346.dat,15010,15022.7
in14_347.dat,16766,16780.55
in14_348.dat,15895,15907.75
in14_349.dat,14457,14482.6
in14_350.dat,16015,16035.35
in14_351.dat,15623,15638
in14_352.dat,15581,15605.5
in14_353.dat,14783,14805.45
in14_354.dat,16036,16054.35
in14_355.dat,15832,15849
in14_356.dat,14814,14828.1
in14_357.dat,16431,16446.25
in14_358.dat,15249,15260.55
in14_359.dat,15786,15801.05
in14_360.dat,15164,15179.35
in18_001.dat,4697,4697
in18_002.dat,4381,4381
in18_003.dat,4590,4590
in18_004.dat,4949,4949
in18_005.dat,4614,4614
in18_006.dat,4803,4803
in18_007.dat,4496,4496
in18_008.dat,4685,4685.15
in18_009.dat,4707,4707
in18_010.dat,4652,4652
in18_011.dat,4503,4503
in18_012.dat,4643,4643
in18_013.dat,4573,4573
in18_014.dat,4479,4479
in18_015.dat,4683,4683
in18_016.dat,4693,4693
in18_017.dat,5063,5063
in18_018.dat,4674,4674
in18_019.dat,4599,4599
in18_020.dat,4450,4450
in18_021.dat,3382,3382
in18_022.dat,2775,2775
in18_023.dat,2971,2971
in18_024.dat,2942,2942
in18_025.dat,2972,2972
in18_026.dat,3663,3663
in18_027.dat,3468,3468
in18_028.dat,3512,3512
in18_029.dat,3423,3423
in18_030.dat,3290,3290
in18_031.dat,3295,3295
in18_032.dat,3222,3222
in18_033.dat,3332,3332
in18_034.dat,3591,3591
in18_035.dat,3304,3304.75
in18_036.dat,3256,3256
in18_037.dat,3371,3371
in18_038.dat,3487,3487
in18_039.dat,3167,3167
in18_040.dat,3386,3386
in18_041.dat,2447,2447
in18_042.dat,3315,3315
in18_043.dat,3619,3619
in18_044.dat,3170,3170
in18_045.dat,3775,3775
in18_046.dat,3624,3624
in18_047.dat,2714,2714.8
in18_048.dat,2711,2711
in18_049.dat,2656,2656
in18_050.dat,3293,3293
in18_051.dat,3162,3162
in18_052.dat,3457,3457
in18_053.dat,3671,3671
in18_054.dat,2925,2925
in18_055.dat,3098,3098
in18_056.dat,3412,3412
in18_057.dat,3251,3251
in18_058.dat,3032,3032
in18_059.dat,3227,3227
in18_060.dat,2970,2970
in18_061.dat,9169,9175.45
in18_062.dat,8959,8959
in18_063.dat,8907,8907
in18_064.dat,9248,9248
in18_065.dat,8913,8913
in18_066.dat,9209,9216.5
in18_067.dat,9245,9245
in18_068.dat,9626,9626
in18_069.dat,9309,9327.3
in18_070.dat,9556,9559.2
in18_071.dat,9088,9099.75
in18_072.dat,8654,8664.05
in18_073.dat,9064,9076.25
in18_074.dat,9188,9188
in18_075.dat,9226,9237.55
in18_076.dat,8989,8989
in18_077.dat,8651,8651
in18_078.dat,9107,9107
in18_079.dat,9347,9347
in18_080.dat,9078,9078
in18_081.dat,5736,5742.05
in18_082.dat,6347,6354.7
in18_083.dat,5619,5636.8
in18_084.dat,6106,6127.15
in18_085.dat,6562,6563.05
in18_086.dat,6221,6224.1
in18_087.dat,6103,6104.4
in18_088.dat,6222,6230
in18_089.dat,6116,6161.1
in18_090.dat,6347,6349
in18_091.dat,6140,6142.15
in18_092.dat,6087,6087.1
in18_093.dat,6216,6217.7
in18_094.dat,5742,5769.9
in18_095.dat,5891,5898.4
in18_096.dat,6146,6149.2
in18_097.dat,6014,6018.15
in18_098.dat,6390,6392.9
in18_099.dat,6699,6699
in18_100.dat,6258,6262.65
in18_101.dat,5486,5496.85
in18_102.dat,5618,5618
in18_103.dat,5288,5290.1
in18_104.dat,5844,5850.95
in18_105.dat,5745,5749.65
in18_106.dat,6119,6119.75
in18_107.dat,5694,5697.05
in18_108.dat,5942,5943.4
in18_109.dat,5779,5780.5
in18_110.dat,6038,6047.1
in18_111.dat,5474,5474.4
in18_112.dat,5065,5075
in18_113.dat,5745,5745
in18_114.dat,5216,5224.1
in18_115.dat,5818,5823.1
in18_116.dat,6183,6188.05
in18_117.dat,5434,5434.5
in18_118.dat,5983,5983
in18_119.dat,6315,6326.25
in18_120.dat,5460,5460
in18_121.dat,13480,13480
in18_122.dat,13648,13653.3
in18_123.dat,13797,13797
in18_124.dat,13658,13658
in18_125.dat,13187,13187.45
in18_126.dat,13751,13758.8
in18_127.dat,13727,13728.2
in18_128.dat,13374,13374
in18_129.dat,13195,13213.2
in18_130.dat,13621,13658.15
in18_131.dat,13461,13462.6
in18_132.dat,13538,13538.15
in18_133.dat,13518,13564.65
in18_134.dat,13942,13942
in18_135.dat,13560,13560
in18_136.dat,13584,13587.2
in18_137.dat,13456,13467.55
in18_138.dat,13912,13926.15
in18_139.dat,13679,13679.2
in18_140.dat,13657,13657
in18_141.dat,8368,8401.1
in18_142.dat,9417,9428.95
in18_143.dat,8560,8591.6
in18_144.dat,8016,8021.9
in18_145.dat,8314,8339.75
in18_146.dat,9090,9120.4
in18_147.dat,8905,8936.1
in18_148.dat,8828,8869.45
in18_149.dat,8429,8444.65
in18_150.dat,9251,9269.3
in18_151.dat,8349,8390.8
in18_152.dat,8795,8807.25
in18_153.dat,8910,8915.5
in18_154.dat,8534,8552.35
in18_155.dat,8701,8708.45
in18_156.dat,9538,9542.15
in18_157.dat,7937,7949.85
in18_158.dat,9340,9366.25
in18_159.dat,9139,9168.5
in18_160.dat,9217,9228.6
in18_161.dat,8213,8215.3
in18_162.dat,7199,7211.2
in18_163.dat,8248,8253.4
in18_164.dat,8775,8787.1
in18_165.dat,7949,7962.9
in18_166.dat,8867,8873.05
in18_167.dat,9065,9075.85
in18_168.dat,8158,8166.2
in18_169.dat,9329,9340.8
in18_170.dat,8203,8207.55
in18_171.dat,8846,8866.4
in18_172.dat,7841,7850.9
in18_173.dat,8188,8191.45
in18_174.dat,8576,8593.05
in18_175.dat,8764,8766.9
in18_176.dat,7423,7434.25
in18_177.dat,7436,7452.95
in18_178.dat,7973,7985.05
in18_179.dat,7258,7265.7
in18_180.dat,8211,8217.6
in18_181.dat,17676,17677.15
in18_182.dat,18100,18106.45
in18_183.dat,18056,18056
in18_184.dat,18077,18083.8
in18_185.dat,17879,17880.8
in18_186.dat,18036,18055.45
in18_187.dat,17988,17988
in18_188.dat,17913,17929.75
in18_189.dat,17849,17866.5
in18_190.dat,18166,18169.15
in18_191.dat,18023,18027.55
in18_192.dat,18546,18576.5
in18_193.dat,18219,18221.75
in18_194.dat,18130,18130
in18_195.dat,18419,18434
in18_196.dat,18254,18283.7
in18_197.dat,17882,17944.85
in18_198.dat,18100,18103.6
in18_199.dat,18467,18474.1
in18_200.dat,18298,18315.9
in18_201.dat,11844,11861.95
in18_202.dat,12587,12594.5
in18_203.dat,11821,11868.05
in18_204.dat,12053,12064.85
in18_205.dat,11215,11226.1
in18_206.dat,11474,11490.4
in18_207.dat,11354,11362.5
in18_208.dat,10927,10939.15
in18_209.dat,11177,11195.85
in18_210.dat,11492,11515.05
in18_211.dat,12171,12192.35
in18_212.dat,9934,10004.85
in18_213.dat,10772,10806.5
in18_214.dat,11860,11869.35
in18_215.dat,10475,10525.35
in18_216.dat,10706,10730.95
in18_217.dat,10941,10961.25
in18_218.dat,10890,10899.85
in18_219.dat,11447,11455.55
in18_220.dat,11580,11594.05
in18_221.dat,10462,10465.25
in18_222.dat,10914,10923.05
in18_223.dat,10547,10561.05
in18_224.dat,11666,11679.55
in18_225.dat,9860,9875.45
in18_226.dat,11173,11180.75
in18_227.dat,9906,9923.8
in18_228.dat,10613,10626.05
in18_229.dat,11481,11494.95
in18_230.dat,10921,10944.95
in18_231.dat,11511,11525.65
in18_232.dat,9587,9602.55
in18_233.dat,10366,10402.5
in18_234.dat,10653,10682.45
in18_235.dat,10477,10487.15
in18_236.dat,10471,10482.95
in18_237.dat,11018,11026.7
in18_238.dat,10503,10513.5
in18_239.dat,10692,10704
in18_240.dat,10645,10661.4
in18_241.dat,22489,22489
in18_242.dat,22550,22550
in18_243.dat,23181,23198.2
in18_244.dat,22353,22361.5
in18_245.dat,22754,22784.6
in18_246.dat,22109,22109.05
in18_247.dat,22704,22717
in18_248.dat,22652,22658.6
in18_249.dat,23185,23205.65
in18_250.dat,22805,22833.25
in18_251.dat,22617,22635.95
in18_252.dat,22522,22522
in18_253.dat,22423,22445.75
in18_254.dat,22348,22354.7
in18_255.dat,22596,22596.9
in18_256.dat,23057,23084.8
in18_257.dat,22900,22900.6
in18_258.dat,22462,22462
in18_259.dat,22621,22696.7
in18_260.dat,22596,22596.9
in18_261.dat,12552,12588.2
in18_262.dat,14314,14322.45
in18_263.dat,13613,13663.2
in18_264.dat,14349,14432.45
in18_265.dat,13950,13971.75
in18_266.dat,14063,14081.05
in18_267.dat,13702,13738.4
in18_268.dat,13034,13063.8
in18_269.dat,13091,13109.55
in18_270.dat,12845,12892.85
in18_271.dat,14683,14695.15
in18_272.dat,15411,15420.05
in18_273.dat,14753,14768.9
in18_274.dat,13607,13648.25
in18_275.dat,13270,13314.6
in18_276.dat,15563,15582.05
in18_277.dat,14287,14297.45
in18_278.dat,15812,15831.3
in18_279.dat,13752,13780.4
in18_280.dat,14664,14689.15
in18_281.dat,13284,13295.05
in18_282.dat,12250,12269.65
in18_283.dat,13216,13222.15
in18_284.dat,13120,13134.45
in18_285.dat,14094,14111.45
in18_286.dat,12841,12860.25
in18_287.dat,13434,13447.15
in18_288.dat,13609,13638.15
in18_289.dat,14540,14555.25
in18_290.dat,12431,12442.85
in18_291.dat,12926,12944.05
in18_292.dat,14124,14144.85
in18_293.dat,12442,12473.95
in18_294.dat,13403,13440.95
in18_295.dat,14236,14249.2
in18_296.dat,14122,14134.05
in18_297.dat,12932,12951.7
in18_298.dat,13991,14001.75
in18_299.dat,12437,12455.65
in18_300.dat,13821,13848.9
in18_301.dat,27064,27129.3
in18_302.dat,27119,27120.6
in18_303.dat,27605,27605
in18_304.dat,27015,27023.9
in18_305.dat,27039,27039.45
in18_306.dat,27389,27415.5
in18_307.dat,26967,26967
in18_308.dat,27126,27126.45
in18_309.dat,27408,27409.8
in18_310.dat,27089,27089
in18_311.dat,27305,27311.35
in18_312.dat,27121,27121
in18_313.dat,27150,27150
in18_314.dat,27133,27158.35
in18_315.dat,27326,27365.3
in18_316.dat,27053,27070.65
in18_317.dat,27314,27324.5
in18_318.dat,27007,27007
in18_319.dat,26968,26968
in18_320.dat,27539,27544.9
in18_321.dat,17624,17642.85
in18_322.dat,17028,17105.45
in18_323.dat,17196,17229.6
in18_324.dat,16918,16949.75
in18_325.dat,16222,16254.85
in18_326.dat,16432,16479.45
in18_327.dat,16456,16492.5
in18_328.dat,15769,15821.95
in18_329.dat,15268,15318.95
in18_330.dat,16468,16492.95
in18_331.dat,16242,16267.5
in18_332.dat,16261,16292.35
in18_333.dat,16150,16172.15
in18_334.dat,16876,16945.1
in18_335.dat,16182,16228.35
in18_336.dat,16285,16320.2
in18_337.dat,16529,16546.25
in18_338.dat,16400,16425.2
in18_339.dat,16720,16745.1
in18_340.dat,16671,16716.9
in18_341.dat,16645,16674.5
in18_342.dat,15834,15844.35
in18_343.dat,15375,15392.5
in18_344.dat,15714,15731.85
in18_345.dat,15863,15886.25
in18_346.dat,17435,17459.35
in18_347.dat,16141,16159.75
in18_348.dat,16117,16131.65
in18_349.dat,16612,16638.25
in18_350.dat,14895,14910.65
in18_351.dat,15822,15846.25
in18_352.dat,15819,15844.15
in18_353.dat,16304,16328.25
in18_354.dat,15182,15205.1
in18_355.dat,15784,15796.9
in18_356.dat,15159,15184.9
in18_357.dat,14552,14581.2
in18_358.dat,17204,17240.65
in18_359.dat,15279,15322.45
in18_360.dat,16459,16469.15
