instance,bestMakespan,avgMakespan,solution
in02_121.dat,7959,7964.65,"0,9,8,10,3,23,26,12,40,21,45,42,33,59,16,4,51,32,25,50,49,27,22,39,19,58,43,11,18,64,2,6,53,30,29,36,38,72,65,63,61,62,54,48,31,17,1,14,74,13,20,28,46,5,71,55,37,66,67,7,57,56,35,52,70,41,24,73,69,44,47,34,15,60,68,"
in02_122.dat,7855,7861.75,"3,4,0,5,17,8,11,13,35,37,48,50,20,53,54,25,32,30,6,16,62,2,65,70,1,7,44,67,51,15,68,19,40,61,34,38,64,59,18,72,52,12,28,22,49,74,57,46,36,26,73,41,10,71,27,29,58,56,23,47,60,69,14,43,45,42,39,33,55,9,63,21,66,24,31,"
in02_123.dat,7920,7927.4,"0,14,4,6,26,11,21,33,18,53,60,16,34,71,62,32,45,58,9,10,22,23,13,42,50,61,47,52,44,19,31,24,63,37,15,46,17,69,30,29,2,38,49,3,72,20,39,5,66,41,25,43,56,59,67,12,73,28,55,57,36,51,48,1,65,70,35,8,7,40,68,54,27,64,74,"
in02_124.dat,8352,8354.1,"2,1,13,8,23,9,20,6,26,57,38,63,14,3,39,35,33,52,15,30,25,65,49,10,24,59,34,43,45,51,74,41,29,54,73,69,12,60,40,42,17,32,55,19,4,28,37,66,7,72,70,68,62,31,5,53,48,58,11,67,22,18,56,71,36,47,16,64,21,0,61,46,50,44,27,"
in02_125.dat,7852,7855.45,"2,3,6,0,17,9,18,25,31,8,51,29,48,36,26,69,33,63,21,7,73,35,44,20,46,52,49,59,24,15,27,30,23,55,72,16,38,39,45,62,28,65,13,14,64,1,60,68,37,34,19,53,67,66,4,50,32,71,12,70,41,10,74,47,42,56,58,43,54,61,5,11,22,57,40,"
in02_126.dat,8712,8720.15,"3,1,11,19,7,29,10,26,25,36,14,16,27,5,45,37,49,52,31,23,69,44,30,62,67,39,6,68,40,24,28,63,74,60,66,46,17,0,34,42,57,53,48,64,4,41,59,32,9,56,38,2,61,55,22,8,47,65,13,33,70,71,21,51,43,54,20,72,58,15,50,73,12,35,18,"
in02_127.dat,7909,7914.2,"0,1,4,10,7,27,33,8,26,46,40,22,21,50,71,41,59,63,68,13,52,53,14,69,16,5,67,60,49,32,25,6,17,15,20,9,34,31,43,70,39,38,12,65,51,44,42,66,45,23,74,72,48,56,47,54,37,55,29,58,18,3,36,11,64,28,30,19,2,61,57,73,62,35,24,"
in02_128.dat,7536,7540.95,"1,8,10,2,23,19,24,12,47,9,5,42,55,61,32,46,30,59,11,53,26,31,62,17,7,40,50,16,74,70,29,28,33,22,64,6,49,38,71,36,35,3,68,48,25,13,73,21,37,27,65,4,66,60,14,63,34,39,41,15,18,54,58,20,57,45,51,67,0,52,56,72,69,44,43,"
in02_129.dat,7949,7963.2,"4,13,18,5,8,9,20,37,55,39,3,15,34,45,65,67,29,17,50,63,30,41,42,16,1,56,27,70,62,51,35,54,36,48,6,2,33,74,69,38,32,52,25,11,58,61,0,47,71,19,14,24,57,53,66,31,46,60,10,64,12,72,28,7,49,68,73,43,21,23,44,59,22,40,26,"
in02_130.dat,8393,8401.8,"2,0,9,17,26,29,3,14,32,33,12,38,16,22,57,48,43,21,69,37,50,55,49,59,28,7,54,71,39,73,5,66,64,58,70,60,20,72,6,65,44,47,35,23,52,56,42,19,10,27,4,30,36,1,51,11,46,41,24,8,61,15,74,18,34,31,45,53,68,25,62,67,40,63,13,"
in02_131.dat,7677,7692.8,"2,5,12,3,17,24,35,29,1,4,20,44,50,65,62,31,40,66,52,71,0,42,39,59,68,51,8,28,73,11,23,33,30,74,9,37,14,67,22,48,61,57,15,55,72,47,43,34,56,16,25,64,41,18,63,60,10,19,13,70,38,26,69,45,6,27,58,53,36,49,21,7,54,46,32,"
in02_132.dat,7387,7394.1,"6,4,8,2,26,15,37,11,1,31,47,12,49,30,25,70,65,51,41,53,60,24,62,58,67,42,3,61,48,73,17,18,46,54,7,52,55,64,28,57,21,39,69,74,13,44,32,14,9,29,50,35,34,22,33,36,38,59,5,45,40,10,27,0,66,23,19,68,20,63,56,16,71,72,43,"
in02_133.dat,8402,8419.15,"2,11,9,17,32,31,4,53,36,15,58,61,47,62,42,14,55,68,13,28,38,30,71,25,37,35,70,72,73,66,65,19,1,63,51,23,18,44,20,60,0,56,21,16,59,50,8,74,6,43,29,69,34,3,7,39,33,40,64,12,54,10,41,49,27,45,57,52,46,48,5,26,67,24,22,"
in02_134.dat,7987,7993.95,"5,10,15,13,31,51,2,40,37,55,35,24,58,69,61,62,72,27,18,14,41,67,54,63,68,29,0,17,60,42,9,47,19,50,11,34,46,57,45,64,56,74,39,38,12,23,28,4,7,52,43,59,3,53,16,32,1,25,71,73,48,30,49,44,26,70,6,65,66,20,22,8,33,36,21,"
in02_135.dat,8767,8774.6,"1,3,11,10,30,13,22,23,55,42,0,31,57,12,53,28,64,4,65,46,72,18,52,21,58,41,43,14,45,26,20,73,56,74,48,61,33,2,24,50,49,69,68,44,7,6,54,5,51,15,40,71,19,32,66,34,59,37,27,36,67,35,38,17,39,9,25,8,29,60,47,62,63,70,16,"
in02_136.dat,8147,8151.75,"1,4,8,16,7,24,3,30,9,33,47,55,50,64,22,62,32,23,38,15,41,71,59,34,29,6,43,12,36,70,26,58,14,13,63,31,5,20,19,40,37,60,39,66,11,45,21,68,56,44,10,48,61,52,72,67,54,57,42,35,49,2,18,69,27,25,73,51,17,74,0,28,46,65,53,"
in02_137.dat,7917,7923.15,"1,7,13,9,17,36,25,0,30,27,50,29,39,5,42,51,48,45,70,8,62,63,60,61,18,41,56,21,15,16,23,72,64,20,26,22,68,44,35,6,37,59,67,58,33,40,74,10,66,54,31,38,57,4,49,43,71,28,34,14,3,11,53,19,32,12,46,47,24,69,2,73,65,55,52,"
in02_138.dat,7963,7973.95,"3,1,2,10,26,14,13,43,25,35,4,50,53,27,37,20,18,64,62,19,74,51,65,46,7,47,22,36,5,73,68,72,11,49,59,24,33,29,55,48,32,69,8,38,15,70,39,44,30,31,6,60,58,12,0,54,42,21,61,40,34,23,63,17,52,41,28,66,16,67,71,57,9,56,45,"
in02_139.dat,7353,7360.3,"2,3,12,18,26,15,39,25,36,59,54,41,11,14,17,57,51,73,9,19,8,20,49,68,1,33,48,34,74,35,30,4,55,40,10,62,22,52,61,69,64,6,56,24,32,45,65,46,66,13,60,63,43,72,21,28,7,0,5,27,37,70,58,44,67,16,31,23,71,53,50,42,38,29,47,"
in02_140.dat,8818,8826.2,"1,2,5,18,14,20,10,31,33,4,26,70,63,34,3,28,29,74,56,54,38,35,58,30,67,61,64,51,48,43,32,49,65,66,46,7,57,68,16,24,62,0,13,69,37,60,19,45,36,15,47,40,23,6,52,11,9,73,41,55,39,71,12,22,8,72,50,17,53,59,21,42,44,27,25,"
in02_141.dat,8760,8766.75,"0,12,25,48,41,56,55,6,34,26,61,27,9,65,38,18,60,30,70,32,20,11,22,46,24,52,58,5,67,36,29,15,68,72,4,57,63,37,16,51,19,73,66,44,42,2,7,1,39,3,49,35,14,31,47,54,53,50,69,28,17,71,59,64,21,8,43,10,45,40,13,33,62,74,23,"
in02_142.dat,7427,7434.7,"6,0,29,31,14,49,40,65,51,57,68,48,22,3,5,28,60,27,16,64,74,8,19,69,72,12,73,39,35,37,9,24,10,71,59,26,20,67,1,30,7,42,43,15,32,63,55,4,34,46,11,13,17,66,58,70,41,21,36,23,50,52,47,45,62,2,18,54,56,53,25,44,61,33,38,"
in02_143.dat,8073,8083.2,"6,3,13,46,23,27,71,26,10,55,2,47,65,64,8,11,66,63,73,54,70,59,12,5,15,0,53,9,19,24,72,51,18,32,56,48,25,69,38,30,62,20,37,61,33,41,60,49,21,1,28,7,39,17,68,42,16,34,52,40,36,50,14,29,35,31,57,4,74,58,22,45,44,43,67,"
in02_144.dat,7254,7259.85,"5,13,43,33,9,24,15,45,36,73,17,1,35,46,66,72,47,48,63,4,53,39,71,38,29,6,26,58,67,40,50,70,54,37,31,20,10,52,60,42,68,61,21,62,7,32,56,22,3,12,23,57,49,69,59,25,65,51,34,18,0,27,55,41,16,11,14,19,2,74,64,8,30,28,44,"
in02_145.dat,7570,7575.75,"0,12,11,35,58,49,65,28,19,64,50,33,17,39,74,47,5,9,2,56,63,4,18,23,46,66,51,15,29,13,73,44,34,25,16,43,55,36,26,62,70,59,32,61,7,10,45,41,52,14,37,68,48,30,22,40,21,69,20,67,53,6,38,57,31,3,60,24,1,71,8,27,72,42,54,"
in02_146.dat,8160,8168.55,"4,3,14,27,30,45,15,57,7,2,34,5,32,39,33,55,54,11,28,65,17,68,19,10,56,22,6,70,42,26,16,46,35,74,48,71,25,64,13,67,47,44,29,63,58,60,49,73,18,23,21,53,61,59,36,43,69,1,52,8,51,62,9,37,24,41,0,38,12,40,20,31,50,72,66,"
in02_147.dat,7754,7760.65,"2,10,20,41,33,4,35,40,28,64,68,45,42,34,26,9,38,51,1,39,6,43,37,24,59,0,55,58,63,7,54,32,46,22,8,74,73,16,19,61,72,49,66,14,11,56,3,71,5,47,17,67,12,62,36,50,30,52,25,57,13,65,29,23,53,27,48,69,31,70,60,21,44,18,15,"
in02_148.dat,8199,8207.65,"2,3,42,14,61,18,57,16,31,15,58,33,55,45,48,4,53,30,39,68,22,27,40,19,21,66,74,5,70,11,24,34,67,32,1,46,28,44,62,56,20,12,29,73,10,60,25,35,54,47,63,72,9,50,26,23,69,17,65,0,52,13,71,7,37,51,64,38,36,41,6,59,43,8,49,"
in02_149.dat,7928,7935.45,"4,32,10,18,24,43,16,8,73,35,71,46,49,62,47,19,29,0,39,30,33,60,44,5,70,63,22,41,61,26,65,50,6,67,45,28,66,40,14,64,23,15,13,38,69,52,51,31,12,57,53,11,56,1,37,20,48,72,3,21,9,34,68,59,36,54,25,55,17,42,27,74,58,7,2,"
in02_150.dat,7710,7714.75,"5,14,18,28,31,8,59,56,66,54,51,69,50,65,68,71,11,53,23,55,73,4,10,16,72,37,21,29,2,41,17,1,32,22,36,44,12,58,33,67,19,48,9,39,6,20,38,24,52,34,63,62,15,46,47,43,3,35,60,30,40,74,61,26,64,49,7,27,45,13,57,42,25,0,70,"
in02_151.dat,7392,7396.8,"2,1,17,32,21,70,37,15,29,65,0,8,31,50,45,23,42,52,33,60,4,7,61,16,51,40,56,47,39,10,67,6,46,30,26,63,18,41,12,58,72,35,71,24,25,49,62,53,20,11,38,44,73,13,5,3,55,68,43,54,28,59,27,64,57,19,14,48,22,74,9,34,69,36,66,"
in02_152.dat,7827,7832.7,"1,4,13,14,45,41,8,43,40,73,64,2,62,44,28,46,31,35,38,52,16,24,18,6,51,54,15,71,36,55,65,5,48,61,69,32,10,3,37,23,11,26,49,12,60,30,66,59,74,53,58,68,9,72,7,29,21,42,17,25,0,19,33,34,20,27,67,50,70,22,63,47,39,56,57,"
in02_153.dat,7569,7573.5,"0,6,2,1,27,17,18,4,22,63,16,70,57,35,72,36,65,53,33,39,42,12,58,13,3,54,66,56,74,62,50,60,26,45,41,25,23,59,5,7,34,46,37,40,64,69,55,15,32,49,61,10,31,73,43,71,48,14,51,28,38,21,9,30,44,11,68,67,52,19,47,20,29,8,24,"
in02_154.dat,7654,7658.85,"3,15,24,44,18,58,2,22,7,74,38,65,50,39,55,10,51,34,31,29,72,68,63,56,8,12,25,6,36,60,37,16,46,45,73,33,42,17,23,30,35,41,1,48,53,14,54,61,27,57,11,40,49,69,19,4,20,52,64,47,32,13,43,28,9,26,70,66,67,0,5,21,71,59,62,"
in02_155.dat,7178,7186.05,"1,13,0,21,10,48,66,23,70,68,17,9,39,28,18,3,41,55,11,42,33,26,34,57,54,51,44,64,45,63,32,53,22,58,50,61,69,27,37,72,4,30,35,40,74,25,67,49,19,15,38,8,56,5,29,73,6,60,20,14,52,2,62,12,36,31,46,16,7,59,43,65,24,47,71,"
in02_156.dat,7525,7528.85,"1,7,12,16,55,42,19,73,23,65,70,15,39,38,69,8,36,34,61,48,29,57,74,46,67,44,4,68,47,35,58,2,18,20,25,53,45,27,24,59,71,54,43,22,56,10,6,17,60,14,13,64,30,63,11,33,3,51,41,32,52,31,66,40,5,0,49,72,62,9,50,21,28,26,37,"
in02_157.dat,8794,8799.5,"2,20,3,10,7,27,42,36,35,50,41,39,73,66,37,28,57,40,32,63,65,29,38,61,33,8,45,15,54,19,56,34,21,64,70,43,51,68,4,74,58,9,6,23,44,5,14,1,53,55,24,18,11,67,13,25,31,26,12,47,62,59,71,17,52,49,22,46,69,0,60,72,30,16,48,"
in02_158.dat,7455,7461.55,"8,7,33,14,12,23,69,2,50,25,24,37,18,74,10,35,72,22,66,9,47,70,68,55,20,63,73,52,17,34,6,58,30,61,53,3,5,40,4,1,60,26,42,39,32,57,38,31,43,56,13,62,16,59,15,27,28,67,45,36,64,46,48,49,0,19,11,54,21,29,51,41,44,65,71,"
in02_159.dat,8035,8038.65,"2,9,8,49,35,23,5,18,17,60,62,61,31,13,72,30,4,41,16,43,27,48,69,50,24,63,1,40,14,22,29,33,65,56,59,57,37,52,21,51,38,64,36,58,74,66,34,28,3,70,55,46,12,0,45,42,26,47,6,53,7,67,39,73,68,44,54,19,32,71,15,25,20,10,11,"
in02_160.dat,8139,8147.55,"5,25,34,46,47,64,26,39,72,50,69,61,10,17,36,30,67,19,3,57,11,29,32,12,51,0,42,62,55,4,44,63,56,41,58,33,24,6,60,9,43,70,14,37,22,15,28,16,21,73,18,54,31,66,38,40,53,13,2,1,45,68,59,52,27,49,48,7,35,71,20,23,8,65,74,"
in02_161.dat,8819,8823.85,"1,0,20,23,61,27,36,11,43,60,46,73,6,56,70,12,14,7,16,66,2,50,30,48,18,41,15,64,31,53,19,63,37,68,69,47,45,40,9,38,17,71,44,26,3,24,74,62,55,49,54,25,32,13,21,72,10,67,29,28,22,8,57,58,33,39,52,34,42,65,4,51,59,35,5,"
in02_162.dat,7894,7900.65,"1,5,12,0,17,14,42,40,4,61,67,58,48,16,11,7,21,8,66,6,22,54,52,37,18,36,45,46,20,72,13,31,73,60,19,71,32,49,33,27,51,28,2,65,62,30,70,55,34,38,50,53,44,57,24,43,15,74,47,64,68,63,59,69,25,39,3,56,35,26,23,10,9,41,29,"
in02_163.dat,7481,7487.8,"3,21,7,40,37,17,15,57,32,35,14,62,2,41,48,52,72,9,38,66,71,18,36,28,44,27,51,74,19,43,6,26,58,49,69,16,23,20,5,46,61,11,22,53,25,64,65,24,31,54,47,73,8,12,55,50,39,68,42,4,1,13,30,70,45,67,56,29,63,33,60,10,59,0,34,"
in02_164.dat,8002,8010.6,"8,3,21,4,32,5,48,58,63,56,36,9,43,15,26,11,19,27,10,22,73,53,42,51,37,41,16,64,55,68,14,49,33,40,70,57,66,0,25,50,17,34,39,46,44,28,18,60,30,29,67,23,61,59,54,13,35,52,20,74,6,62,72,45,31,2,7,1,69,38,24,12,65,47,71,"
in02_165.dat,7738,7747.2,"4,29,10,42,17,23,65,16,0,14,32,71,26,28,55,40,46,72,36,43,68,49,12,21,3,54,18,9,74,7,30,8,67,50,11,51,56,38,33,45,1,37,48,5,31,35,2,47,20,62,19,53,24,63,70,64,60,39,61,25,6,41,66,22,13,69,57,44,59,52,73,34,15,58,27,"
in02_166.dat,8351,8358.8,"1,28,4,21,16,7,18,70,68,59,34,24,43,60,50,37,29,55,65,9,72,44,10,0,62,23,57,15,30,74,36,63,33,12,8,17,40,69,3,71,53,26,35,66,48,11,45,20,73,22,38,58,49,25,13,6,27,39,47,42,32,19,52,31,46,64,14,41,54,56,2,61,51,5,67,"
in02_167.dat,8434,8441.8,"0,10,7,22,37,30,39,27,66,15,19,61,56,68,23,13,29,45,1,35,28,41,53,60,21,70,74,64,52,3,63,59,51,67,6,14,73,48,43,17,65,57,31,62,50,18,34,38,36,11,8,49,42,46,26,58,40,5,32,25,2,71,9,20,55,12,4,69,33,54,72,47,16,44,24,"
in02_168.dat,7985,7990.3,"4,15,31,41,28,21,5,37,74,63,7,19,32,14,51,16,57,73,34,59,8,10,62,25,2,13,52,3,66,9,55,30,0,56,60,27,72,1,39,42,6,64,69,23,67,11,18,36,61,17,68,35,40,24,26,46,20,48,70,38,65,33,22,54,44,49,43,47,45,71,29,58,50,53,12,"
in02_169.dat,9006,9008,"0,11,42,66,6,29,52,21,47,65,12,9,17,26,67,49,45,23,35,55,59,70,3,62,25,16,53,73,51,61,44,46,32,27,48,22,43,31,54,38,2,19,10,40,24,58,15,72,41,14,60,5,56,7,13,63,64,69,71,36,37,33,18,8,57,4,30,28,74,34,39,1,50,20,68,"
in02_170.dat,8313,8319.15,"0,26,13,11,62,28,14,19,34,29,40,32,71,69,44,68,41,45,43,55,5,20,61,63,52,53,30,56,46,65,23,51,8,66,73,25,72,74,67,60,31,54,9,22,7,4,64,33,27,47,38,49,57,48,6,39,59,18,70,15,36,17,2,50,24,58,42,37,16,12,21,1,10,35,3,"
in02_171.dat,6835,6838.25,"5,6,1,8,16,7,26,18,60,24,53,72,17,4,20,21,37,55,51,49,13,25,42,10,28,65,12,66,52,68,15,34,29,71,58,30,39,3,9,48,56,50,46,11,59,33,63,61,40,57,69,31,47,32,2,43,67,45,27,35,41,14,38,36,74,0,23,64,54,22,73,19,62,44,70,"
in02_172.dat,9280,9287.85,"0,23,21,20,50,44,37,45,56,22,42,66,32,2,52,62,58,49,72,30,13,8,69,3,48,51,14,28,33,74,70,73,9,7,26,71,11,6,36,59,40,54,16,25,5,53,34,63,47,68,38,61,31,60,67,55,35,57,15,19,10,27,43,17,29,24,12,46,39,64,41,4,1,18,65,"
in02_173.dat,7631,7638.9,"0,12,15,4,25,20,63,61,30,68,22,69,46,21,42,5,33,38,2,10,45,34,51,35,29,66,47,19,53,16,48,1,54,39,62,64,71,49,37,8,6,18,56,57,73,55,72,60,40,27,36,14,43,32,13,50,23,65,41,24,9,52,11,26,28,58,44,31,67,59,74,7,70,17,3,"
in02_174.dat,7619,7624.6,"8,15,28,35,44,54,67,33,71,60,24,69,23,16,27,19,65,12,6,46,41,53,14,61,45,4,66,25,74,62,10,73,11,22,72,64,43,63,38,70,21,1,49,50,56,13,68,51,37,36,9,18,34,52,40,26,57,59,39,47,42,31,48,32,5,0,2,17,58,7,30,20,3,29,55,"
in02_175.dat,7448,7449.75,"1,3,40,49,69,19,56,42,51,23,20,59,68,41,24,58,7,50,66,29,53,60,26,31,33,61,8,9,62,16,4,15,55,30,27,74,21,13,17,5,70,44,57,54,72,14,46,28,52,34,39,35,32,18,36,0,2,25,67,43,10,64,6,48,65,12,11,63,38,71,22,47,73,45,37,"
in02_176.dat,7170,7173.4,"0,15,8,14,19,33,7,6,35,13,25,69,61,65,52,41,10,16,42,60,67,55,44,47,38,29,70,30,53,24,12,57,11,1,66,5,43,9,73,51,37,18,36,72,31,21,56,2,71,28,48,39,68,62,3,26,40,54,4,58,59,46,23,64,63,74,45,50,22,32,49,34,27,20,17,"
in02_177.dat,8072,8078.1,"2,17,35,15,63,33,44,23,11,21,55,51,46,18,49,3,54,19,43,27,20,32,52,28,71,57,9,64,56,26,22,38,69,1,59,12,39,0,34,48,66,37,4,41,73,30,25,50,65,7,42,24,45,53,16,61,68,40,67,74,60,47,10,29,58,8,5,31,6,36,13,72,70,14,62,"
in02_178.dat,7827,7836.5,"6,14,17,9,49,55,52,15,60,68,13,71,54,10,23,21,35,50,12,20,48,0,22,5,57,69,59,31,74,44,36,38,30,32,4,46,24,27,45,3,63,19,58,73,25,42,70,43,40,7,34,67,39,61,2,16,56,53,18,26,11,1,65,28,41,8,66,29,62,37,72,64,51,33,47,"
in02_179.dat,7647,7657.35,"5,18,7,51,21,30,33,8,62,28,2,74,0,55,10,71,34,11,65,68,6,44,39,27,57,14,41,24,45,25,48,40,63,4,38,53,42,29,31,1,67,66,50,22,69,16,23,70,46,43,37,73,61,47,36,3,72,32,64,15,56,49,9,60,52,13,20,19,35,26,58,59,17,54,12,"
in02_180.dat,7988,7996.8,"4,15,2,39,19,54,66,65,27,9,45,38,44,3,0,32,60,18,68,37,24,73,49,7,57,63,55,56,72,59,74,48,53,14,62,35,41,20,36,22,67,64,23,71,17,42,33,51,12,30,1,29,25,5,28,13,21,61,26,58,43,6,11,34,40,8,47,70,50,31,46,16,10,52,69,"
in06_121.dat,8456,8460.15,"0,1,5,3,2,6,11,10,9,16,4,13,25,15,22,18,12,35,8,33,41,7,27,39,23,49,55,58,40,42,17,31,14,46,65,29,19,70,24,44,36,50,73,66,54,34,20,67,64,43,37,72,69,71,21,26,52,48,68,53,51,30,63,45,59,32,57,47,56,61,74,62,38,28,60,"
in06_122.dat,8443,8455.05,"1,4,8,2,3,16,15,24,6,14,27,23,31,18,7,10,41,33,19,11,39,36,22,44,28,49,38,53,50,51,58,70,57,48,71,63,65,21,12,55,35,5,25,17,72,9,61,29,74,0,69,56,43,46,73,60,26,66,34,68,54,13,45,40,30,67,32,62,64,20,59,47,37,52,42,"
in06_123.dat,8526,8530.35,"1,4,8,7,13,11,17,16,19,3,25,5,12,27,29,26,22,39,15,20,21,40,43,48,18,30,34,33,46,10,35,24,54,63,49,36,51,55,32,66,23,14,70,9,57,60,69,6,44,64,37,68,67,52,53,50,61,73,41,42,71,38,74,59,65,47,0,28,45,58,31,56,2,72,62,"
in06_124.dat,9344,9355,"2,4,3,7,13,10,8,15,11,1,5,16,18,25,24,20,21,33,19,37,22,36,41,29,6,50,34,40,23,51,17,39,35,72,56,52,26,48,55,64,59,43,44,67,12,49,47,66,42,69,46,0,9,63,30,57,32,53,38,62,61,27,14,54,71,28,58,73,68,70,31,65,45,74,60,"
in06_125.dat,7943,7960.9,"2,3,0,12,16,20,18,13,17,7,15,9,24,4,21,31,1,32,6,14,22,40,28,23,44,5,25,26,8,46,41,55,45,47,66,62,53,69,38,49,73,37,59,72,36,42,54,11,64,39,71,30,74,56,10,19,52,57,60,50,70,48,29,63,43,27,34,61,67,51,65,68,35,33,58,"
in06_126.dat,8074,8084.15,"2,5,1,10,18,4,21,11,16,12,0,30,28,27,3,32,24,20,13,9,8,25,37,17,6,48,34,44,42,53,49,45,7,55,39,52,61,23,36,66,67,26,41,62,54,58,19,64,73,47,69,35,43,29,50,60,51,33,70,22,74,15,65,59,31,57,46,56,38,63,40,71,72,68,14,"
in06_127.dat,8394,8402.7,"1,2,6,3,10,0,9,12,4,5,18,15,7,21,20,13,22,14,25,28,29,19,34,32,23,37,38,40,17,41,39,35,47,45,43,27,44,67,48,50,36,31,49,70,72,33,24,56,64,8,73,59,61,46,53,66,51,42,30,71,26,57,52,65,16,60,62,11,54,55,68,69,58,63,74,"
in06_128.dat,8841,8847.45,"0,1,3,4,9,8,5,10,13,21,6,2,16,22,17,29,27,30,7,34,20,25,45,48,42,37,46,15,32,62,52,38,19,44,51,41,61,55,63,54,72,28,57,36,26,18,24,69,58,35,64,43,56,68,40,60,49,47,73,33,59,39,12,65,67,23,53,74,50,31,11,70,66,71,14,"
in06_129.dat,8797,8804.85,"1,5,8,16,12,11,3,13,28,6,22,30,34,33,18,17,41,24,9,20,42,26,31,53,54,49,4,64,23,40,7,63,57,46,27,38,29,72,45,56,39,47,71,21,52,67,51,58,37,73,62,32,60,68,70,44,65,50,15,10,19,66,25,43,48,35,61,14,69,74,0,36,2,55,59,"
in06_130.dat,8211,8216.4,"2,1,5,11,8,15,16,17,4,19,12,24,26,30,10,14,29,37,44,35,33,39,6,48,31,47,57,21,7,51,3,27,9,63,18,32,28,53,25,61,50,72,46,66,42,70,74,64,60,41,52,36,58,71,69,73,43,54,13,0,56,38,65,20,23,59,68,22,34,67,40,55,45,62,49,"
in06_131.dat,8512,8520.55,"2,3,6,1,0,7,11,13,16,18,22,19,9,14,20,31,33,34,25,32,15,44,28,29,42,23,36,26,52,57,45,60,39,5,67,56,8,48,38,61,54,58,24,68,70,50,46,66,74,40,51,73,55,30,64,47,65,53,35,21,69,27,63,41,4,43,17,62,37,59,12,72,49,71,10,"
in06_132.dat,8373,8377.2,"0,1,2,4,13,16,18,11,21,20,6,24,27,17,9,10,30,33,35,8,41,22,7,28,43,34,14,26,5,37,42,63,15,36,56,25,12,64,68,44,66,48,57,32,52,51,71,29,67,69,19,58,3,38,59,70,55,39,50,45,61,54,23,73,46,31,74,60,53,72,47,49,40,62,65,"
in06_133.dat,8439,8442.6,"0,2,1,3,5,9,10,4,12,17,19,11,16,14,21,27,15,30,22,36,28,23,25,26,6,18,33,47,51,41,20,46,54,40,8,45,43,29,56,67,69,68,49,61,32,53,31,13,57,73,60,7,42,35,72,59,62,52,44,38,71,24,70,37,55,39,64,50,34,48,58,63,65,66,74,"
in06_134.dat,8417,8420.65,"0,2,4,7,8,1,13,5,12,16,18,21,10,22,11,24,31,28,33,34,25,37,20,36,3,38,50,49,6,47,58,63,46,26,67,19,72,29,41,56,15,70,73,66,55,14,68,35,65,48,54,74,23,69,40,17,27,52,53,62,39,60,51,44,42,59,9,43,32,57,71,30,61,64,45,"
in06_135.dat,8607,8610.8,"2,1,0,3,4,5,6,15,8,9,16,11,10,21,26,22,13,31,27,30,7,41,40,38,19,47,42,12,37,25,53,59,50,54,45,71,33,35,36,17,74,24,29,69,18,14,61,66,67,60,34,48,62,20,23,73,64,44,39,68,49,57,46,32,70,56,58,52,63,51,43,72,65,55,28,"
in06_136.dat,7888,7912.25,"0,1,3,5,7,10,11,13,17,2,6,22,29,15,31,20,33,12,28,39,40,38,14,42,4,41,44,53,26,46,34,49,18,50,62,30,61,59,66,72,24,47,74,36,71,27,55,35,25,70,8,56,45,65,43,67,21,19,73,37,51,58,16,48,32,54,9,69,63,52,57,64,68,23,60,"
in06_137.dat,8530,8552.65,"0,4,1,8,14,10,20,23,13,12,2,32,7,24,5,41,35,9,33,27,31,43,47,36,21,45,38,42,46,53,48,55,54,25,62,16,63,22,69,37,17,72,30,57,3,51,73,11,50,39,15,71,56,65,61,67,6,52,19,29,59,18,34,66,70,40,44,60,26,58,64,74,28,49,68,"
in06_138.dat,8812,8820.75,"0,2,1,5,7,4,9,12,15,24,8,19,18,28,35,26,43,41,16,10,30,40,6,56,49,51,37,38,48,46,52,21,59,25,53,45,47,36,14,63,42,44,23,58,29,50,13,65,55,74,33,61,27,57,34,22,54,73,60,66,71,17,68,31,32,62,67,64,72,11,69,39,70,3,20,"
in06_139.dat,9263,9276.25,"2,3,1,0,5,4,13,16,8,12,23,6,24,25,14,28,40,29,18,11,45,37,47,50,34,54,31,43,39,65,41,9,66,63,10,33,36,56,19,53,22,57,64,20,42,21,68,7,58,71,48,35,55,32,51,30,70,61,15,60,62,73,44,72,52,69,17,49,74,26,67,38,27,59,46,"
in06_140.dat,8117,8136.45,"3,7,2,0,5,15,16,13,1,23,24,21,28,20,27,6,39,26,30,10,43,33,12,14,22,41,53,19,34,17,18,46,61,62,8,50,32,11,57,71,48,47,66,25,42,60,52,73,67,31,63,54,35,51,55,29,44,69,45,37,72,36,4,40,74,59,58,56,68,38,65,70,64,49,9,"
in06_141.dat,7948,7952.85,"0,6,9,10,11,8,18,29,30,21,26,38,15,17,40,28,13,12,19,60,58,7,2,47,62,56,69,16,61,33,27,4,44,71,63,23,50,34,65,39,24,73,41,31,59,32,46,5,57,1,20,67,55,48,22,25,68,45,43,35,37,36,14,53,72,49,42,74,51,54,3,66,70,52,64,"
in06_142.dat,8030,8033.15,"1,9,6,10,0,11,32,26,42,38,46,49,30,52,14,39,61,53,8,13,59,37,50,18,15,71,64,19,16,2,4,47,69,12,48,44,65,28,7,45,36,41,57,23,33,73,60,51,70,43,68,55,74,29,24,5,34,21,56,63,62,54,58,35,3,31,67,22,25,40,66,20,27,17,72,"
in06_143.dat,8811,8816.35,"1,9,4,15,0,26,7,34,46,28,2,37,50,13,52,8,66,22,74,44,14,16,48,39,49,21,51,31,33,10,32,56,25,58,69,57,3,11,70,61,72,68,29,60,17,64,59,36,54,18,65,47,23,62,24,12,19,38,45,6,40,30,67,71,20,43,53,42,5,73,41,35,27,55,63,"
in06_144.dat,7394,7408.3,"2,6,9,11,20,4,19,27,14,33,8,38,13,46,53,40,5,63,71,10,37,74,45,69,39,58,55,72,1,29,31,36,66,56,52,41,65,24,34,23,68,47,18,61,35,16,0,22,17,3,67,25,60,54,12,43,28,59,15,51,32,50,42,70,26,57,49,64,62,21,7,30,73,48,44,"
in06_145.dat,8690,8704,"2,0,8,12,15,5,7,1,14,10,22,28,24,21,33,19,25,32,53,38,60,57,36,51,20,64,47,50,46,49,61,62,44,73,72,9,74,45,69,37,34,17,54,65,29,4,16,27,67,30,58,41,71,11,18,52,63,39,55,26,43,13,31,3,23,42,68,6,48,70,56,35,40,59,66,"
in06_146.dat,8323,8327,"2,9,13,12,5,22,30,10,7,45,38,6,36,18,26,55,40,39,0,51,47,61,21,68,14,60,69,11,28,48,49,23,63,4,58,33,56,67,65,73,34,44,66,37,70,53,62,25,71,64,43,42,29,32,52,19,27,8,3,17,57,24,16,31,41,20,72,35,50,1,74,46,54,59,15,"
in06_147.dat,8546,8551.7,"1,4,9,6,16,14,24,17,18,11,26,41,2,61,63,36,59,54,72,51,45,64,15,5,31,42,34,27,29,40,21,69,67,12,3,73,57,53,70,10,52,23,19,55,65,38,47,56,37,22,30,25,28,8,71,74,35,58,39,48,66,50,32,68,7,60,49,33,46,43,62,0,44,20,13,"
in06_148.dat,7273,7280.8,"1,0,4,8,3,19,12,11,40,34,18,13,47,60,24,62,55,6,42,10,22,54,7,66,17,69,33,58,52,23,31,41,68,32,27,44,65,35,71,63,15,56,28,20,38,73,9,43,2,25,46,49,74,26,16,53,72,29,37,39,51,61,59,50,67,5,21,48,57,30,45,64,36,14,70,"
in06_149.dat,8324,8326.35,"0,6,9,12,4,19,27,5,33,40,43,38,34,51,49,32,70,68,15,65,45,29,7,52,46,67,18,71,48,72,69,1,41,17,64,24,30,31,28,66,11,58,59,47,16,25,54,62,74,50,55,26,53,61,35,56,39,22,20,57,21,36,14,37,3,8,60,23,63,42,13,2,44,73,10,"
in06_150.dat,8316,8322.15,"2,0,4,17,15,12,32,9,20,16,8,46,37,7,57,30,21,50,47,52,65,6,23,62,39,19,25,67,42,26,64,70,5,61,33,14,49,34,59,73,53,54,28,1,24,43,22,29,68,13,40,74,38,35,3,18,72,71,36,66,27,44,31,45,63,55,60,48,10,56,41,51,58,11,69,"
in06_151.dat,8391,8394.75,"0,4,2,1,7,17,19,18,6,3,14,32,41,23,49,50,33,53,25,5,30,66,9,27,36,39,11,67,26,57,22,12,24,71,60,42,8,61,72,40,54,37,35,46,21,65,63,47,73,68,20,59,31,48,15,29,13,52,58,43,45,74,28,62,56,51,55,10,38,16,34,64,70,69,44,"
in06_152.dat,7895,7898.6,"4,1,6,16,18,15,8,13,19,14,36,32,7,44,40,35,2,56,52,66,61,42,74,53,59,38,72,64,47,30,0,62,70,39,73,31,23,28,69,10,33,55,26,22,49,50,58,48,25,46,51,3,57,63,68,12,24,60,43,45,20,34,21,17,71,65,5,27,9,54,37,67,41,29,11,"
in06_153.dat,7799,7805.7,"4,1,10,15,0,12,17,28,29,39,9,18,34,22,44,40,58,51,20,53,7,62,13,73,37,47,31,52,61,48,24,55,14,5,38,35,21,71,56,3,57,43,74,33,67,50,11,16,23,42,69,70,63,19,30,68,8,49,41,6,66,54,45,72,2,32,46,36,26,65,64,60,27,59,25,"
in06_154.dat,8388,8405.1,"4,0,5,6,10,3,33,16,23,39,46,35,36,31,68,29,57,8,12,11,60,53,67,38,51,63,58,37,62,70,50,55,9,40,15,34,44,74,71,54,25,45,73,69,30,56,66,43,47,72,64,32,48,22,41,26,18,14,27,42,7,28,61,13,2,20,59,65,52,1,21,24,49,17,19,"
in06_155.dat,8224,8227.1,"1,8,17,7,20,22,19,5,13,6,26,12,35,49,23,57,24,4,58,18,45,27,69,30,62,34,46,40,42,25,47,48,54,11,61,55,51,53,52,56,10,31,16,29,28,32,72,38,64,68,59,21,66,50,2,60,14,71,70,43,39,9,65,0,15,63,3,41,44,33,36,73,67,74,37,"
in06_156.dat,7805,7807.95,"1,5,8,13,17,22,3,25,6,19,38,27,46,54,30,70,4,12,24,57,26,73,55,41,31,0,68,65,42,66,20,50,32,56,72,7,45,2,39,61,15,60,35,9,49,40,23,21,18,64,51,33,29,16,47,74,62,34,67,48,71,53,36,69,28,63,10,44,59,58,14,37,11,43,52,"
in06_157.dat,7721,7738.2,"5,11,7,16,20,18,1,17,0,21,36,33,34,46,51,14,28,65,6,69,24,68,23,50,56,29,74,22,32,39,12,53,52,47,27,40,4,8,41,64,67,70,2,3,55,38,31,57,62,26,30,61,9,42,58,54,13,19,44,45,71,60,73,10,72,48,66,25,59,35,49,15,43,63,37,"
in06_158.dat,9074,9099.95,"1,2,14,25,4,17,19,5,40,9,53,47,42,50,28,18,16,60,3,37,26,56,54,15,29,48,32,35,38,23,58,39,71,74,45,68,22,69,34,41,11,72,12,46,24,27,63,59,36,0,20,55,70,66,8,64,21,7,57,67,52,33,6,10,30,73,49,44,62,51,61,13,31,65,43,"
in06_159.dat,9148,9155.25,"0,2,1,8,15,9,27,16,32,11,13,30,23,54,18,40,50,41,61,68,63,36,62,29,58,12,56,52,4,7,42,17,48,10,25,37,72,21,73,74,57,64,6,14,3,59,55,70,5,49,35,19,60,46,34,71,47,69,26,45,20,28,38,31,39,66,51,65,22,24,53,43,67,33,44,"
in06_160.dat,8367,8375.95,"2,0,8,16,4,3,25,6,24,21,23,46,27,30,44,34,54,39,19,40,63,29,64,49,60,50,26,72,13,62,15,32,69,7,52,9,45,38,33,58,42,51,20,67,17,31,28,74,43,57,11,53,41,65,5,47,48,12,70,73,59,71,18,36,1,56,10,61,66,68,22,14,35,55,37,"
in06_161.dat,7946,7958.85,"0,5,6,12,18,26,32,30,4,53,51,24,14,19,37,31,74,42,45,21,10,38,29,15,43,23,1,69,70,60,11,73,27,67,22,66,3,2,47,9,63,52,28,39,65,40,71,44,48,59,56,68,57,7,54,72,64,41,25,17,36,55,34,58,35,62,50,46,16,13,49,61,8,33,20,"
in06_162.dat,8702,8706.95,"6,4,27,24,16,9,23,29,32,22,31,1,5,61,36,45,17,60,62,28,42,74,59,2,10,64,30,35,48,12,33,18,21,69,54,39,8,13,15,71,53,52,56,20,67,72,38,66,46,73,7,14,40,47,55,37,0,58,70,50,25,41,63,49,57,34,44,3,43,11,19,26,65,51,68,"
in06_163.dat,7505,7511.3,"2,6,8,20,17,27,31,32,40,10,33,25,5,70,38,0,67,12,68,45,39,66,60,57,37,71,7,48,56,61,15,72,52,46,30,1,63,11,74,18,43,28,53,62,65,42,19,16,69,26,55,13,24,36,41,14,29,3,73,51,50,9,44,54,22,49,64,35,21,58,47,23,59,4,34,"
in06_164.dat,8878,8884.05,"0,3,13,7,25,1,30,24,15,59,48,14,47,63,50,71,8,60,11,65,19,52,61,66,72,20,62,37,42,44,35,6,53,33,73,40,36,67,34,29,70,57,46,43,28,31,38,21,5,32,12,68,2,51,69,56,4,18,55,58,22,54,10,9,23,27,74,17,39,26,45,41,16,49,64,"
in06_165.dat,8118,8123.9,"3,11,18,10,8,26,6,1,45,40,35,36,29,37,23,24,50,41,39,61,22,46,68,27,57,55,31,30,73,48,13,16,20,70,72,54,62,71,21,15,64,12,28,9,67,59,58,63,47,34,38,53,33,4,60,44,43,32,0,74,17,5,51,65,66,7,25,2,19,69,49,56,42,14,52,"
in06_166.dat,8650,8651.05,"0,14,7,19,28,20,3,38,2,50,66,52,49,68,64,16,11,22,9,74,5,6,70,73,44,10,31,53,51,41,32,65,25,12,15,61,24,4,62,56,36,37,57,69,13,58,30,67,60,26,42,39,72,35,45,34,59,48,1,46,43,63,54,55,29,33,21,71,17,27,47,23,8,18,40,"
in06_167.dat,8430,8439.8,"8,10,3,13,12,5,15,20,22,1,45,39,9,62,57,64,52,55,68,72,26,47,40,46,37,67,28,66,11,58,70,50,6,33,69,25,30,51,17,71,73,53,21,16,14,60,54,44,4,31,0,49,63,2,7,27,56,65,35,74,34,59,32,38,36,42,29,43,18,24,61,19,23,41,48,"
in06_168.dat,8519,8522.15,"1,7,5,32,26,15,0,3,2,43,67,54,11,24,48,57,6,17,60,21,27,45,38,68,30,39,18,36,49,50,58,56,66,35,72,4,62,28,22,51,19,53,52,34,25,33,40,8,69,63,61,10,74,70,73,12,44,55,71,16,13,20,31,65,64,46,47,42,14,37,59,9,29,41,23,"
in06_169.dat,8149,8154.4,"0,3,5,9,2,22,1,12,41,25,32,8,47,39,6,17,64,18,68,52,31,14,27,13,34,7,54,61,10,53,62,58,46,16,26,45,57,67,38,70,36,40,23,37,49,44,15,63,19,69,43,11,30,65,74,42,24,51,60,20,4,28,55,73,33,71,66,21,56,35,50,72,29,59,48,"
in06_170.dat,8866,8882.4,"3,6,12,21,19,17,41,40,18,27,59,44,64,48,39,46,13,2,38,16,24,14,69,0,70,52,45,34,5,29,42,65,30,32,54,67,28,72,49,35,56,68,74,63,10,33,8,53,22,58,23,47,57,15,61,11,71,55,50,25,31,60,9,73,37,7,51,26,1,43,20,62,36,66,4,"
in06_171.dat,8071,8076.45,"0,6,9,8,26,23,17,2,4,61,14,57,32,48,70,68,22,65,20,30,37,3,21,16,1,24,25,18,50,49,71,46,15,67,7,45,58,54,74,55,36,73,33,40,12,56,69,44,19,51,64,11,39,34,60,59,13,43,5,72,66,27,29,47,52,42,10,35,28,62,38,63,41,53,31,"
in06_172.dat,7592,7598.55,"0,11,9,6,19,15,26,10,39,12,38,2,57,50,24,67,68,74,3,48,37,51,34,60,17,62,5,71,4,43,32,55,70,31,21,29,52,65,59,14,16,27,46,1,56,63,61,41,7,8,35,54,45,22,28,47,30,40,58,20,49,66,23,25,64,69,42,72,18,73,36,13,53,33,44,"
in06_173.dat,7687,7694.95,"0,2,1,12,14,3,20,40,9,39,35,4,16,19,44,26,57,5,43,29,66,25,64,13,22,24,50,72,45,23,41,34,15,42,48,38,8,33,11,27,60,30,6,53,32,58,67,31,10,59,17,65,62,49,55,28,74,36,70,37,7,52,46,47,63,21,18,71,61,56,51,69,54,73,68,"
in06_174.dat,8083,8089.25,"0,1,3,17,8,15,33,16,24,11,18,20,57,61,30,32,52,22,25,37,59,35,12,9,65,69,5,54,29,19,2,6,64,60,41,71,23,44,68,66,40,10,47,55,51,45,73,58,42,63,28,70,31,48,62,27,43,7,53,49,14,21,34,67,74,4,56,39,46,13,72,50,36,38,26,"
in06_175.dat,7753,7757.2,"1,0,7,12,29,9,45,37,28,51,20,34,59,31,70,64,17,24,68,18,42,55,66,23,60,4,46,48,49,2,3,25,6,53,32,39,63,14,71,10,22,35,72,58,41,73,52,74,38,13,57,65,50,61,36,33,27,40,21,26,11,69,30,67,54,16,5,8,43,44,62,56,47,15,19,"
in06_176.dat,7883,7886.4,"0,2,9,8,6,12,23,5,51,22,13,64,74,41,70,45,62,16,10,3,19,73,72,31,11,68,32,18,47,46,50,56,1,66,63,15,17,14,42,53,43,69,37,39,26,24,33,4,49,52,36,30,35,67,44,34,61,21,65,57,38,55,28,54,25,40,27,29,60,7,71,58,59,48,20,"
in06_177.dat,8471,8477,"0,6,14,1,11,20,7,26,15,10,34,72,43,73,70,74,67,16,65,50,31,44,32,55,66,13,61,25,48,2,4,71,3,46,8,22,21,60,52,5,30,35,69,24,64,42,62,53,28,40,9,63,58,45,68,17,39,19,29,54,27,56,23,38,51,37,59,18,36,49,41,12,33,57,47,"
in06_178.dat,7699,7708.3,"2,3,5,20,16,18,41,49,12,52,27,46,6,24,30,14,68,66,59,10,56,54,37,17,23,25,32,31,39,70,15,34,45,29,61,67,74,62,43,51,19,63,48,72,42,71,55,11,26,64,8,57,4,1,73,44,53,60,28,69,47,35,22,21,50,13,7,58,65,36,40,0,38,33,9,"
in06_179.dat,7885,7893.35,"0,12,7,16,14,33,27,41,25,28,47,11,5,73,67,1,3,2,38,70,45,50,34,42,74,49,18,61,57,19,54,32,22,51,68,10,43,26,48,8,71,59,35,20,65,24,69,13,53,31,46,44,15,72,56,37,36,6,21,40,62,17,58,29,63,39,30,52,9,55,60,23,66,4,64,"
in06_180.dat,7915,7917.55,"0,1,19,10,20,5,7,39,28,31,32,22,63,47,12,24,61,53,54,66,21,27,3,58,50,17,29,48,14,6,43,40,26,41,34,72,15,37,69,46,30,73,18,38,64,23,49,65,59,11,9,60,74,52,51,13,67,2,62,33,55,42,36,16,57,56,68,4,70,35,71,25,45,8,44,"
in10_121.dat,8432,8456.8,"1,0,2,4,8,6,7,3,17,12,14,21,13,19,22,16,25,23,28,24,10,29,30,20,36,33,38,31,9,40,35,41,32,15,42,50,47,53,46,5,26,58,37,56,44,49,52,11,61,18,64,54,43,59,27,57,66,45,62,71,68,65,48,69,70,55,39,74,67,60,72,51,73,63,34,"
in10_122.dat,8597,8626,"2,1,0,6,8,9,11,14,12,7,3,4,5,18,17,10,20,16,13,21,26,27,19,23,15,24,29,31,22,28,34,32,25,40,42,44,41,48,30,50,43,46,45,39,52,36,47,38,49,59,37,54,60,55,51,58,63,53,66,56,62,35,73,65,71,72,64,69,57,68,61,70,33,74,67,"
in10_123.dat,9298,9314.75,"2,1,6,4,3,8,7,10,9,11,17,12,5,15,20,18,26,25,24,19,32,13,34,23,36,30,29,14,40,41,28,42,44,37,31,47,22,48,50,38,45,16,55,58,21,57,53,54,49,60,56,61,67,52,64,63,35,39,69,68,59,70,73,46,0,51,74,43,33,71,65,27,66,62,72,"
in10_124.dat,8649,8681.95,"1,4,5,7,10,6,14,12,17,16,15,19,11,18,20,0,8,22,2,25,3,23,26,27,21,9,28,24,31,32,35,30,34,36,29,41,39,45,33,48,51,40,56,59,44,57,53,13,54,60,49,50,63,38,43,66,42,65,52,68,46,67,55,64,70,58,69,73,37,47,61,72,62,71,74,"
in10_125.dat,9593,9598.35,"1,4,7,5,2,0,6,13,14,11,8,17,12,24,3,23,18,31,19,10,33,26,25,28,27,22,36,34,37,42,15,16,29,46,20,50,45,47,35,9,54,58,51,53,40,57,61,38,41,64,62,59,49,65,43,67,56,68,48,72,21,63,66,32,73,44,52,69,60,71,39,55,70,30,74,"
in10_126.dat,8558,8579.1,"0,2,4,3,1,8,11,10,16,9,15,13,21,18,6,19,23,14,17,25,26,5,27,20,30,24,28,40,35,29,34,22,39,36,45,38,31,42,37,55,7,56,33,57,53,46,44,61,32,51,49,60,54,64,58,63,41,52,65,12,66,43,67,68,72,59,48,73,62,71,47,70,69,74,50,"
in10_127.dat,8609,8620.05,"0,1,5,3,15,10,13,12,2,21,9,7,6,22,8,11,26,27,28,32,25,35,34,39,44,38,42,17,37,30,19,48,33,41,20,14,16,24,23,53,43,46,49,40,52,18,59,58,61,29,51,63,56,66,64,45,57,71,67,31,47,60,70,55,4,65,74,54,68,72,62,50,36,69,73,"
in10_128.dat,9083,9108.6,"0,1,2,4,3,5,10,7,11,12,8,18,13,14,23,9,17,6,20,29,25,27,35,15,36,28,31,34,40,24,30,43,26,38,47,39,41,49,22,54,55,45,46,33,57,56,48,32,60,21,51,50,66,59,44,68,65,19,71,64,73,53,74,16,42,70,72,52,67,63,61,69,62,58,37,"
in10_129.dat,8796,8827.95,"1,2,0,5,6,13,3,11,10,8,20,9,28,27,16,32,23,22,17,18,26,30,7,21,29,36,24,31,38,35,33,34,46,41,4,40,15,12,52,47,43,44,53,57,14,49,42,54,55,51,58,25,66,19,56,45,68,65,39,72,67,48,70,69,37,60,50,74,62,63,64,71,59,61,73,"
in10_130.dat,8529,8570.65,"0,3,1,5,2,7,8,9,6,10,11,14,13,12,16,4,18,21,20,27,22,24,28,32,29,35,19,23,38,45,26,47,41,43,37,25,46,17,42,50,51,31,54,44,30,39,33,55,60,40,61,34,48,67,53,59,71,68,63,64,73,62,49,52,70,36,58,69,15,65,56,72,57,66,74,"
in10_131.dat,8046,8080.65,"0,2,4,3,9,6,15,10,5,12,14,20,16,21,23,22,7,13,26,18,24,25,8,27,28,17,36,37,11,29,30,33,41,34,40,32,44,19,1,46,49,45,51,39,52,48,43,47,53,55,42,58,35,59,60,65,61,64,54,68,57,38,72,71,73,62,56,70,31,67,50,63,74,69,66,"
in10_132.dat,9792,9801.75,"0,1,4,3,5,2,6,8,9,12,7,14,11,16,18,15,13,20,21,19,22,25,26,27,28,29,32,34,36,37,24,35,30,38,31,41,39,42,45,43,49,50,23,53,54,52,59,48,44,46,55,62,68,73,71,61,74,67,17,56,72,47,70,40,58,60,66,69,51,10,64,33,57,65,63,"
in10_133.dat,9079,9123.8,"1,0,4,6,7,3,9,8,5,16,12,17,10,20,21,19,25,24,22,27,23,28,13,26,18,30,31,29,15,14,36,32,33,39,35,47,2,42,37,50,45,53,55,51,48,44,52,64,63,54,66,68,62,43,57,73,69,56,61,40,74,72,70,59,67,38,58,46,34,71,60,11,41,49,65,"
in10_134.dat,8713,8728.9,"0,4,2,1,7,3,9,6,11,12,13,15,16,14,23,10,27,22,20,21,26,18,24,32,30,8,29,33,39,5,40,34,38,28,46,17,45,50,49,36,31,35,48,54,43,60,56,42,59,41,55,47,19,57,52,62,51,65,72,63,37,73,69,64,67,44,66,61,74,68,58,70,53,25,71,"
in10_135.dat,8719,8726.65,"1,0,7,2,6,5,9,8,12,13,14,16,20,3,17,10,11,19,24,22,23,28,21,27,25,33,32,26,4,35,40,39,36,43,46,48,51,29,45,49,37,31,55,18,38,58,53,54,30,62,47,67,50,34,68,44,70,72,59,69,64,42,61,73,57,52,41,63,15,56,66,74,60,71,65,"
in10_136.dat,9170,9185.9,"0,2,6,1,8,3,10,4,14,7,15,13,18,16,5,19,17,22,20,11,24,21,9,26,28,29,27,25,31,12,32,30,36,39,34,35,46,41,44,45,38,47,43,52,48,59,55,51,58,61,49,54,66,33,68,57,64,73,56,67,53,40,42,60,23,72,50,70,69,37,74,65,62,63,71,"
in10_137.dat,9610,9629.3,"0,1,2,4,6,5,9,7,3,11,13,8,16,17,14,23,20,12,28,26,30,22,18,36,32,24,10,21,40,27,31,35,44,39,33,41,46,38,50,49,48,54,60,25,45,51,19,55,37,65,47,63,58,70,56,74,73,15,72,62,59,57,34,29,68,67,43,52,64,42,66,61,71,53,69,"
in10_138.dat,9206,9217.05,"1,2,0,3,6,5,7,9,10,4,11,8,15,13,19,12,20,14,24,16,28,29,26,31,34,21,37,39,42,22,44,32,27,46,43,30,23,48,49,41,52,40,53,50,45,54,47,33,59,17,62,56,51,60,70,72,63,35,65,18,55,25,74,68,73,58,61,71,36,69,57,38,67,64,66,"
in10_139.dat,9041,9083.9,"1,2,4,3,6,7,0,8,9,5,13,12,16,18,11,10,21,22,14,24,17,25,28,19,31,20,32,27,23,29,36,37,30,38,34,15,26,41,42,33,43,46,44,45,48,56,47,54,55,60,35,39,53,61,59,49,64,68,40,71,58,57,70,52,66,72,51,73,62,74,63,65,69,67,50,"
in10_140.dat,8536,8548.7,"0,6,4,3,2,1,9,5,10,8,11,13,15,7,17,12,25,22,24,27,18,28,20,21,23,19,30,34,29,32,16,26,39,35,31,41,44,47,49,50,37,46,36,45,40,52,33,56,48,57,53,55,59,60,64,66,54,69,51,67,43,68,42,38,72,62,65,14,70,58,74,71,61,63,73,"
in10_141.dat,8528,8531.05,"0,2,9,7,1,5,11,14,19,18,20,15,30,3,28,16,34,27,40,38,47,44,39,56,24,53,60,22,4,64,73,57,23,51,45,68,35,36,29,63,43,59,33,72,54,26,31,58,8,50,41,65,48,61,67,21,69,37,42,13,74,6,17,66,46,32,52,49,55,71,70,12,10,25,62,"
in10_142.dat,7760,7763.7,"1,0,4,2,6,9,7,11,14,17,21,20,8,13,22,15,29,5,36,28,34,12,32,47,33,23,27,55,18,56,31,46,51,39,69,63,35,62,59,70,42,68,38,53,19,45,72,50,52,60,16,48,71,64,73,49,10,65,24,26,66,43,37,44,40,61,74,25,41,57,3,67,30,58,54,"
in10_143.dat,7933,7942.05,"0,1,3,9,8,12,7,4,2,6,16,18,10,26,20,34,41,30,19,36,27,38,33,54,46,14,31,17,47,5,11,39,53,61,62,73,44,71,23,42,56,69,64,68,70,65,58,51,29,55,40,72,67,37,25,15,45,63,60,32,35,52,57,48,22,50,59,28,24,21,66,49,74,43,13,"
in10_144.dat,8036,8043.5,"0,1,3,7,8,13,12,6,5,16,4,10,24,9,27,15,14,32,20,37,41,18,46,47,38,22,43,31,57,54,33,69,35,45,42,26,59,2,30,23,49,28,70,19,11,61,21,58,63,34,73,67,72,29,39,36,44,65,56,51,74,71,17,55,62,68,66,40,53,64,52,50,60,48,25,"
in10_145.dat,8542,8549.55,"0,1,5,3,8,13,4,15,22,20,7,14,32,23,12,36,19,21,31,16,25,54,39,45,18,52,59,49,53,27,26,72,48,37,66,29,46,70,38,65,61,40,62,56,60,9,35,67,2,33,47,74,51,64,24,50,6,68,63,28,55,30,58,42,41,10,17,69,71,57,34,43,44,73,11,"
in10_146.dat,8616,8621.95,"0,6,3,5,4,16,10,11,2,23,26,1,30,25,21,12,34,31,20,35,9,40,8,51,56,39,24,38,62,52,57,70,17,41,50,22,48,14,28,45,46,60,61,44,53,64,66,43,71,19,74,32,69,68,72,15,37,29,55,65,18,67,13,63,42,7,33,27,58,47,73,36,59,54,49,"
in10_147.dat,8244,8254.4,"2,1,4,10,12,3,8,16,23,17,29,21,11,32,18,14,34,22,40,13,47,33,25,56,36,54,37,63,39,53,69,74,67,65,49,0,71,24,43,68,66,72,15,70,64,28,27,26,45,58,57,35,9,7,50,61,19,62,55,6,60,44,46,5,30,52,42,41,20,59,31,51,38,48,73,"
in10_148.dat,8087,8090.75,"1,2,3,4,0,9,8,14,7,11,21,10,22,28,15,27,13,38,32,49,33,30,54,45,24,19,23,65,42,51,62,36,25,59,41,60,6,55,61,5,26,39,69,31,12,48,46,29,37,40,34,16,43,68,73,67,72,56,66,18,74,35,57,70,64,17,63,71,58,44,50,53,20,47,52,"
in10_149.dat,8622,8624.7,"0,1,5,2,7,10,9,13,16,18,4,20,24,6,22,11,15,31,27,45,28,26,46,21,41,58,56,57,14,61,37,65,33,50,74,42,52,47,62,60,71,29,17,23,44,19,72,49,36,67,69,8,53,51,40,73,66,25,32,34,70,38,64,68,63,43,48,3,54,39,35,12,30,55,59,"
in10_150.dat,7716,7731.5,"0,5,1,7,9,8,14,13,3,11,22,25,16,12,19,2,36,33,34,26,24,49,56,6,31,39,48,18,58,63,50,27,37,15,66,65,4,70,38,74,45,71,41,64,40,60,68,17,30,28,69,21,67,32,44,62,54,10,29,43,47,51,61,57,23,55,46,73,35,53,72,42,20,52,59,"
in10_151.dat,8627,8635.7,"1,0,5,3,11,2,15,9,8,14,26,20,32,23,10,30,33,25,28,36,31,16,21,45,22,58,12,64,57,29,60,65,70,34,72,53,55,50,59,6,27,69,35,56,18,49,39,46,24,43,7,48,66,40,47,67,61,74,38,62,17,44,4,13,73,54,37,41,42,71,19,52,51,63,68,"
in10_152.dat,7425,7432.5,"0,2,4,5,11,1,8,7,9,14,13,3,29,19,26,6,20,41,31,37,33,36,47,50,28,34,56,43,57,30,27,16,70,42,15,61,64,62,40,54,46,38,60,53,67,66,25,17,73,63,74,49,45,69,44,39,72,24,58,55,22,59,18,10,71,65,23,51,21,68,32,35,48,12,52,"
in10_153.dat,8789,8797.55,"0,1,5,8,4,9,6,15,11,22,21,12,18,29,31,27,13,30,14,41,46,47,25,42,55,37,68,24,35,64,48,74,26,69,61,49,28,59,3,45,39,20,65,40,38,43,58,10,60,52,57,72,66,62,54,71,32,73,63,67,34,51,16,23,17,33,7,70,44,53,2,56,19,36,50,"
in10_154.dat,7665,7692.35,"0,3,2,1,12,6,11,14,8,18,21,22,23,27,15,9,31,35,34,26,38,47,24,49,16,43,30,52,64,66,40,65,51,28,10,4,20,68,29,19,55,13,67,45,48,39,44,54,25,5,73,63,61,57,17,71,50,58,33,41,42,53,59,69,70,7,72,36,37,62,74,32,56,46,60,"
in10_155.dat,8407,8408.65,"2,1,10,0,13,14,15,17,12,26,32,5,24,40,29,18,48,45,39,7,42,34,56,59,22,21,60,43,50,11,9,65,3,68,36,66,4,52,8,47,23,31,25,64,55,54,37,27,62,58,35,69,20,19,73,70,61,46,28,72,33,44,16,74,63,57,38,53,30,51,67,6,71,49,41,"
in10_156.dat,7973,7974.35,"0,2,7,1,6,21,12,5,14,26,22,28,29,18,27,15,19,38,17,9,36,13,42,45,37,32,16,59,60,55,54,30,34,51,10,39,71,47,23,49,8,3,61,70,11,73,35,69,48,66,46,52,64,57,24,65,67,20,72,62,4,56,74,50,31,44,63,41,25,68,53,33,43,40,58,"
in10_157.dat,8221,8230.15,"0,3,1,5,7,8,18,14,11,13,25,19,29,22,2,17,40,24,42,10,37,23,32,55,49,51,4,53,50,61,6,44,31,72,36,54,56,74,21,73,68,30,65,70,39,63,48,58,52,34,35,12,45,46,71,33,15,28,67,43,69,9,57,60,66,16,47,38,27,62,41,26,20,64,59,"
in10_158.dat,8068,8081.4,"0,4,2,12,8,18,11,9,20,26,25,17,29,34,23,46,22,19,30,52,59,49,16,58,47,39,27,37,65,68,50,1,53,31,54,32,71,44,74,28,45,73,60,72,14,48,67,64,35,51,69,6,56,41,13,7,38,40,63,70,24,61,43,42,62,15,10,5,55,66,36,33,3,57,21,"
in10_159.dat,8510,8521.2,"1,4,3,2,5,11,7,13,14,22,23,25,28,15,32,37,17,35,6,39,41,40,8,19,27,49,62,57,12,66,42,18,34,21,64,71,30,20,33,10,60,9,16,24,45,72,48,0,73,68,59,44,63,65,74,54,67,50,51,29,31,53,61,36,69,56,43,70,52,38,58,26,46,47,55,"
in10_160.dat,7840,7852.35,"0,2,6,3,9,12,8,18,5,21,20,10,32,29,31,11,23,38,24,30,17,7,41,22,13,16,53,54,48,34,39,68,72,64,37,63,25,49,51,33,52,19,57,42,59,71,65,43,44,27,67,45,73,55,1,69,14,4,26,74,35,47,61,40,50,46,56,15,60,70,62,36,58,28,66,"
in10_161.dat,7386,7395.75,"0,3,7,6,11,9,20,14,2,21,35,4,34,39,30,1,10,25,47,23,44,22,45,24,50,70,68,15,62,41,26,36,27,18,74,48,12,63,52,55,59,58,73,32,49,8,67,57,71,37,38,69,65,46,61,5,64,19,72,60,31,42,51,56,29,53,43,40,13,28,33,66,54,16,17,"
in10_162.dat,7453,7458.25,"3,4,7,14,9,21,1,20,5,13,19,36,12,6,45,31,29,39,22,65,63,26,17,69,10,62,43,8,49,0,58,37,34,74,24,61,48,30,42,2,38,67,27,25,15,68,56,41,46,28,52,73,35,51,54,50,16,72,40,57,64,55,11,47,33,60,70,59,23,44,18,32,66,71,53,"
in10_163.dat,8310,8316.2,"4,3,2,12,8,5,21,11,23,30,14,36,37,22,20,1,15,10,51,26,59,34,35,38,44,61,9,27,66,41,53,32,58,48,29,7,40,74,49,55,70,50,52,65,31,62,39,71,46,68,57,56,17,63,43,33,19,45,16,69,0,73,47,13,6,60,72,64,54,42,24,28,25,67,18,"
in10_164.dat,8156,8161.5,"1,11,14,3,13,17,35,16,9,39,42,5,46,38,25,55,33,45,48,8,63,43,15,74,31,50,2,23,72,54,29,22,66,26,27,73,53,57,10,44,68,28,59,40,56,58,51,7,41,20,0,65,61,60,18,19,67,71,49,6,24,37,21,34,47,4,70,36,32,12,52,64,69,62,30,"
in10_165.dat,7780,7786.8,"0,7,9,4,10,3,18,24,12,14,30,20,39,25,43,5,33,27,8,57,44,36,63,1,34,42,45,38,46,29,32,26,58,48,23,60,41,50,31,66,35,67,47,40,6,65,71,15,17,19,72,51,70,2,54,64,11,68,69,56,53,28,21,52,59,16,55,61,62,37,22,49,74,13,73,"
in10_166.dat,7807,7814.2,"0,1,8,7,10,15,20,14,13,28,22,24,33,41,4,29,2,56,16,64,50,61,3,74,47,46,69,49,34,62,55,45,32,57,40,48,68,25,53,35,71,60,43,42,12,19,51,63,23,39,26,44,11,54,9,73,30,59,18,37,67,17,31,27,65,6,38,52,21,72,70,58,66,5,36,"
in10_167.dat,8249,8255.1,"5,2,17,14,16,6,12,23,29,36,22,7,39,52,25,49,11,26,71,35,68,42,40,64,3,31,45,70,30,19,72,9,43,0,46,66,60,10,67,27,61,15,58,13,41,44,69,24,51,48,8,33,56,50,73,21,65,1,34,59,54,38,55,18,37,20,63,4,32,57,74,47,28,62,53,"
in10_168.dat,8653,8655.1,"0,2,11,10,4,20,29,13,22,23,1,25,18,52,40,19,33,44,24,65,32,37,74,51,3,26,6,68,43,71,36,66,60,31,53,55,48,62,8,50,21,15,27,14,64,41,42,45,39,17,7,46,56,9,58,12,61,34,70,67,59,72,47,16,73,63,49,5,69,54,35,38,57,28,30,"
in10_169.dat,7533,7544.65,"1,0,2,3,6,9,13,17,14,16,19,36,5,44,51,7,56,27,35,33,60,21,31,22,68,34,42,23,11,20,70,72,73,65,29,15,12,18,50,67,32,10,62,61,53,45,66,28,64,54,25,52,47,24,55,57,49,71,39,40,46,58,26,8,43,69,41,4,74,30,59,37,38,48,63,"
in10_170.dat,8741,8745.4,"0,12,8,10,1,18,13,35,28,29,3,48,25,9,43,33,16,38,60,57,20,49,21,24,2,19,30,69,64,36,42,5,34,58,67,62,7,65,37,32,68,14,44,63,15,41,72,6,56,74,17,55,45,47,22,59,66,61,4,53,70,73,11,23,40,52,51,46,50,54,71,31,26,27,39,"
in10_171.dat,8308,8314.95,"0,3,6,13,11,16,10,14,7,29,23,25,19,42,56,15,37,8,70,24,68,66,64,47,40,18,45,32,65,52,20,50,61,51,48,21,27,35,44,26,5,4,59,49,34,28,12,36,73,58,63,54,33,72,41,67,43,39,9,1,74,46,60,53,30,22,2,55,17,62,71,31,69,38,57,"
in10_172.dat,8469,8480.35,"0,4,10,7,6,15,21,14,17,11,1,35,12,47,26,30,18,57,55,60,37,2,20,36,72,59,29,53,71,68,28,61,67,66,40,43,8,27,54,64,45,51,33,42,39,74,38,24,22,52,56,73,44,32,65,41,9,16,50,58,62,34,3,48,19,5,49,13,63,70,46,25,23,31,69,"
in10_173.dat,8078,8085.25,"0,1,11,3,7,20,22,15,9,26,18,33,32,2,4,38,29,12,28,65,46,10,14,72,24,70,21,23,66,59,5,34,41,47,56,17,48,30,54,35,73,51,55,74,68,62,53,57,6,45,42,25,44,58,71,36,16,19,67,39,49,8,43,31,60,52,69,50,37,27,40,13,64,61,63,"
in10_174.dat,7448,7452.4,"1,3,13,14,7,0,6,34,32,40,39,26,31,35,9,11,58,50,41,25,73,45,36,24,4,46,28,67,22,12,65,49,17,56,64,63,2,38,74,37,43,21,66,23,47,69,57,61,59,8,71,62,68,72,20,51,16,60,55,10,29,53,18,30,54,44,5,52,48,33,27,15,42,19,70,"
in10_175.dat,7869,7873.7,"0,1,4,6,3,12,10,9,2,7,35,16,33,30,24,17,51,56,54,27,8,53,65,21,55,58,22,63,74,50,52,68,46,37,29,62,71,36,73,67,72,11,32,42,44,41,61,23,26,40,47,49,57,69,38,34,19,31,48,13,25,39,43,45,64,18,28,66,5,20,15,70,60,14,59,"
in10_176.dat,8318,8319.75,"3,2,8,0,5,11,20,10,7,21,32,31,17,18,25,27,40,4,35,28,23,6,30,43,46,57,29,14,50,19,56,12,67,51,24,65,42,73,61,74,70,26,58,13,45,9,41,52,49,16,53,15,59,22,60,69,55,48,54,38,71,47,33,72,1,36,68,66,44,63,34,62,64,39,37,"
in10_177.dat,8784,8791.3,"0,2,1,6,8,14,20,7,28,19,11,34,37,48,16,55,22,60,64,21,15,62,63,68,70,46,17,51,71,58,59,29,49,72,42,50,39,27,73,31,4,23,44,69,30,65,67,18,10,66,54,57,5,3,35,12,43,74,52,53,47,45,9,38,25,33,24,13,61,36,32,56,26,41,40,"
in10_178.dat,8681,8690,"2,6,9,3,4,1,5,14,15,10,34,25,13,33,16,31,44,55,37,39,38,62,22,40,70,65,0,52,67,73,7,21,72,50,46,19,54,63,68,24,32,71,23,12,56,64,45,74,49,8,26,20,66,28,61,30,53,29,60,57,43,51,42,69,36,58,17,18,27,47,35,41,59,11,48,"
in10_179.dat,8357,8363.95,"4,5,10,9,12,21,28,27,29,7,1,42,16,14,58,23,51,15,53,8,25,32,70,57,60,68,46,50,35,37,26,11,41,69,72,55,18,36,56,34,2,59,54,62,22,49,0,52,67,31,65,24,20,45,61,19,64,74,6,39,63,66,47,43,30,44,13,48,73,3,17,40,71,33,38,"
in10_180.dat,7634,7635.8,"0,1,9,15,13,10,24,23,2,6,26,19,20,17,18,43,35,8,11,38,21,58,34,4,70,14,72,50,67,32,30,39,52,48,42,68,28,41,73,53,62,46,47,31,60,74,71,65,29,49,37,16,12,66,36,61,64,7,22,25,40,27,57,5,54,56,63,44,3,55,51,59,33,45,69,"
in14_121.dat,10693,10693,"0,2,3,4,1,5,6,8,10,11,13,15,12,7,14,9,17,16,19,18,21,23,25,20,28,22,34,31,24,33,30,29,35,37,39,32,42,40,38,27,45,49,36,41,26,47,48,46,50,51,53,52,54,55,58,59,57,56,44,61,43,60,62,63,65,64,66,67,68,69,70,72,71,74,73,"
in14_122.dat,10654,10659.9,"2,6,7,5,10,1,9,3,11,0,12,15,14,8,18,16,21,19,22,24,25,26,20,23,28,31,30,33,27,34,35,38,36,44,42,41,32,40,47,45,49,48,43,51,53,46,37,55,39,54,57,60,56,63,62,59,61,52,64,66,58,65,17,70,13,50,69,67,71,29,72,4,68,74,73,"
in14_123.dat,11036,11036,"1,0,4,2,6,7,3,11,5,8,14,13,9,15,12,17,10,19,20,21,18,23,25,26,28,22,29,30,27,33,24,34,35,31,37,38,39,36,41,43,40,44,46,47,42,45,48,51,52,49,56,57,58,16,55,62,61,64,53,63,50,65,68,32,66,59,69,70,54,71,67,73,60,74,72,"
in14_124.dat,11245,11298,"6,7,3,9,8,11,2,10,5,12,14,0,13,16,21,20,17,19,23,15,25,27,28,26,29,22,33,35,32,38,37,36,34,40,31,41,18,39,43,42,45,44,30,4,48,1,49,24,52,50,56,46,58,53,60,59,61,62,51,57,65,66,55,64,54,63,69,68,71,70,74,67,47,72,73,"
in14_125.dat,10857,10858.8,"2,4,1,0,12,10,7,16,11,8,15,17,20,9,13,19,24,21,28,14,5,31,34,27,32,30,29,23,39,36,18,45,40,25,49,42,35,54,53,56,50,48,52,57,33,58,46,47,51,59,55,26,61,60,44,22,62,63,64,67,70,69,38,6,71,65,37,43,68,41,66,73,3,72,74,"
in14_126.dat,10687,10687.2,"0,1,4,7,5,6,3,9,8,11,10,12,15,13,18,21,22,19,20,23,27,30,28,17,24,34,32,35,26,33,31,39,36,41,37,40,43,38,44,45,42,46,25,29,48,47,51,50,53,49,54,55,56,52,57,59,60,58,61,62,63,64,65,67,68,66,69,2,70,71,16,72,74,14,73,"
in14_127.dat,11748,11788.6,"5,3,4,2,7,10,9,0,1,11,17,13,18,12,8,16,22,24,14,28,23,32,35,36,25,15,26,39,37,19,31,20,40,29,41,47,34,27,33,49,45,30,54,58,55,46,43,56,48,52,57,63,53,60,65,38,62,64,42,66,72,51,73,50,71,69,21,61,6,70,68,59,67,74,44,"
in14_128.dat,10787,10812,"0,2,4,6,8,5,3,11,9,13,1,15,14,16,20,17,19,10,18,23,21,7,22,12,28,26,29,33,38,40,35,44,24,25,45,39,43,34,48,32,46,50,52,47,51,31,55,36,56,57,37,59,58,53,64,65,54,62,60,61,42,66,49,67,63,69,27,70,41,71,73,30,68,72,74,"
in14_129.dat,10758,10763.9,"7,0,4,12,8,5,15,17,14,16,11,9,10,24,25,6,1,3,19,30,20,29,22,36,38,37,26,35,39,43,34,21,27,45,40,13,32,31,47,50,52,23,44,46,53,54,42,48,49,51,56,58,59,28,61,41,62,60,55,64,63,33,67,68,66,57,70,69,65,72,18,74,2,71,73,"
in14_130.dat,10667,10667,"0,1,3,4,5,8,9,7,10,11,6,13,2,12,14,16,18,15,19,17,23,24,22,21,28,26,30,25,29,32,33,20,34,40,43,35,44,36,31,39,46,50,47,48,27,51,37,49,53,56,42,57,41,59,61,60,52,64,55,38,67,66,62,45,58,69,63,68,54,70,71,65,73,72,74,"
in14_131.dat,10752,10780,"0,1,2,4,3,6,7,10,12,8,14,9,5,15,11,19,21,22,13,23,17,24,27,16,25,26,28,34,30,29,38,35,37,36,31,32,41,42,40,43,20,44,47,45,46,49,48,51,50,39,54,55,58,59,61,57,60,63,53,62,56,18,64,33,52,68,69,65,67,72,66,71,70,74,73,"
in14_132.dat,11288,11303,"0,2,7,5,4,6,3,12,13,9,16,1,15,8,11,10,22,18,21,27,26,20,28,19,31,17,34,33,32,35,37,14,38,36,24,29,39,25,41,43,44,48,23,40,46,30,50,54,52,49,51,57,45,58,47,59,53,55,67,42,63,66,56,62,68,65,60,61,71,74,64,73,70,69,72,"
in14_133.dat,11194,11231.5,"3,0,4,7,1,8,5,6,10,12,11,14,2,16,19,17,9,21,22,23,20,13,26,29,31,24,28,33,34,30,27,35,32,25,37,39,38,40,43,41,44,46,15,42,47,48,52,45,51,53,54,36,57,56,63,18,58,60,49,61,62,66,67,59,72,50,71,55,69,74,73,70,65,64,68,"
in14_134.dat,10677,10716,"6,5,2,0,3,9,7,4,10,11,8,12,13,15,14,17,18,20,21,23,25,27,28,29,26,16,30,22,24,31,34,35,32,36,42,38,44,46,40,45,50,43,52,19,47,33,53,55,1,57,49,56,37,54,58,48,39,64,60,59,41,65,68,51,69,63,71,61,62,70,73,72,67,66,74,"
in14_135.dat,10672,10672,"1,0,2,10,11,7,14,3,17,8,18,20,4,9,5,24,19,16,26,13,25,6,31,30,22,28,32,38,15,35,39,36,29,45,37,34,49,27,44,46,33,41,43,12,40,52,51,47,58,21,56,42,48,57,55,54,62,23,61,60,66,68,64,63,53,59,69,70,71,65,72,67,50,73,74,"
in14_136.dat,10792,10796.2,"0,3,4,7,2,12,8,10,9,11,13,14,15,20,21,22,19,24,16,23,30,33,34,17,37,35,36,41,40,26,39,28,44,42,47,43,50,49,45,1,51,46,53,27,55,52,31,48,59,32,54,58,62,61,6,64,57,63,56,29,25,66,65,67,18,60,68,69,71,5,70,38,73,72,74,"
in14_137.dat,11200,11201.7,"8,1,6,0,10,9,7,15,18,3,19,23,17,5,28,30,24,29,13,31,35,11,20,25,14,33,16,32,34,26,27,39,36,12,43,46,40,47,45,44,41,37,54,49,52,55,2,56,21,50,58,60,53,42,57,51,63,61,62,38,48,66,59,64,70,4,69,71,65,73,67,22,74,68,72,"
in14_138.dat,11249,11286.9,"0,3,1,5,4,9,2,10,13,11,15,14,17,21,24,18,25,19,28,16,29,22,33,26,12,32,27,35,34,20,31,30,36,38,41,45,43,40,44,7,48,46,47,51,52,39,49,55,56,8,58,42,59,57,60,53,54,61,64,63,50,66,37,65,6,69,23,70,68,73,67,72,62,71,74,"
in14_139.dat,10786,10811.9,"2,0,3,1,5,8,9,12,6,13,11,18,16,20,15,21,7,23,24,19,26,29,32,31,33,28,37,36,38,35,27,30,17,39,40,22,34,41,25,42,44,10,43,14,45,48,46,50,49,4,54,58,62,52,60,66,47,53,64,69,56,63,67,61,70,57,59,71,68,55,51,65,74,72,73,"
in14_140.dat,10413,10413,"1,2,5,3,7,9,6,11,15,10,16,12,19,21,24,25,14,8,27,30,22,31,32,17,29,26,33,34,37,28,35,39,20,18,36,41,40,43,46,42,23,38,13,52,51,48,49,55,54,58,56,60,61,57,53,62,64,65,66,67,63,59,68,69,71,70,47,45,50,44,72,0,4,74,73,"
in14_141.dat,8634,8638.7,"1,2,3,5,6,4,10,13,14,9,7,0,11,16,20,12,23,25,17,24,31,35,15,40,44,41,39,30,27,28,46,53,21,33,64,22,58,50,49,55,68,38,57,51,18,47,66,60,59,26,42,43,71,48,67,36,70,29,37,65,32,73,56,69,62,19,61,54,52,63,34,74,72,8,45,"
in14_142.dat,8648,8654.45,"1,3,0,6,9,10,2,14,7,13,17,21,12,20,5,26,15,23,8,22,28,19,30,40,11,37,25,32,36,42,31,35,49,41,56,24,54,50,53,60,65,33,62,27,51,47,52,29,63,73,44,74,55,16,66,72,46,45,58,71,64,61,48,67,18,39,69,38,70,43,68,4,59,57,34,"
in14_143.dat,8334,8371.55,"0,1,2,5,3,11,15,18,22,19,7,17,26,33,28,24,25,27,23,31,8,39,20,36,30,44,40,16,37,50,9,49,34,56,38,41,42,64,57,65,71,52,67,47,73,70,43,14,62,32,69,6,72,63,68,21,60,35,13,58,54,4,12,46,61,55,53,66,48,29,45,51,74,10,59,"
in14_144.dat,8011,8023.45,"1,3,4,0,8,5,13,14,12,21,16,25,22,9,19,31,30,6,32,15,37,27,43,26,23,33,2,41,47,7,28,10,45,48,46,36,58,11,52,29,64,44,54,72,53,39,40,63,73,61,51,71,69,56,34,70,74,68,18,66,35,67,17,65,24,60,59,49,57,62,42,38,50,20,55,"
in14_145.dat,8187,8197.05,"1,4,3,0,2,6,8,11,13,9,16,5,18,7,15,17,28,27,22,12,36,25,34,26,40,33,31,43,46,53,29,41,14,32,42,30,52,64,37,47,21,55,23,74,70,10,39,49,35,67,59,66,63,50,56,48,71,65,72,60,38,58,73,20,61,24,69,62,44,51,57,19,54,45,68,"
in14_146.dat,7691,7721.8,"0,3,8,6,5,12,11,2,17,18,4,21,22,23,24,15,27,1,10,9,28,14,25,26,32,29,16,39,30,44,37,49,31,50,36,46,35,43,47,52,33,61,42,62,13,58,48,45,66,71,67,41,53,55,54,19,65,40,56,68,57,38,34,74,63,64,73,51,7,59,20,70,60,69,72,"
in14_147.dat,7862,7879.45,"1,2,7,8,10,9,5,12,4,14,3,11,18,6,21,26,16,33,25,35,41,29,32,0,22,47,45,34,17,49,15,46,50,31,56,54,37,23,62,64,40,59,55,66,42,19,57,67,58,43,27,71,24,44,61,20,68,73,52,48,53,74,36,65,60,38,30,39,70,13,51,69,72,28,63,"
in14_148.dat,8514,8539.95,"0,1,3,4,6,10,5,18,15,11,22,8,26,12,28,7,37,36,23,30,21,44,31,43,2,46,35,16,53,38,25,45,50,32,54,24,34,51,39,41,62,13,69,67,70,9,64,17,29,52,19,47,74,72,71,56,68,59,27,55,33,61,73,58,57,60,65,48,49,63,42,14,20,66,40,"
in14_149.dat,8303,8311.6,"2,1,4,5,7,3,14,15,9,18,19,11,0,12,21,10,13,25,20,23,29,30,32,6,33,36,38,37,27,24,8,35,17,31,47,50,45,57,56,22,40,68,48,71,69,52,28,61,53,59,46,73,67,60,39,62,63,70,44,55,58,41,72,64,74,49,26,42,54,16,51,43,65,34,66,"
in14_150.dat,8685,8689.4,"4,2,3,5,0,9,6,7,11,1,10,13,17,12,15,19,26,28,27,25,31,14,29,33,40,37,21,20,44,55,48,16,24,58,39,53,18,67,61,22,65,68,59,64,36,47,69,70,71,63,60,8,30,35,38,51,74,46,57,52,42,72,45,66,54,43,41,50,49,56,32,62,23,73,34,"
in14_151.dat,8289,8293,"0,1,2,6,5,4,7,9,12,3,13,16,8,19,20,22,17,23,21,14,34,28,31,25,18,39,40,41,11,26,38,51,10,30,43,50,33,32,63,36,60,68,29,59,27,47,70,56,54,66,44,74,49,45,69,37,58,64,55,67,71,24,57,48,15,65,35,61,53,46,62,72,52,73,42,"
in14_152.dat,8399,8407.65,"0,1,6,4,8,10,9,11,15,14,3,25,13,29,16,31,26,39,44,23,37,50,7,27,18,52,54,12,53,34,47,40,24,32,36,64,48,65,60,66,51,41,45,73,46,43,69,71,61,59,30,55,19,20,28,17,57,68,49,62,5,35,33,38,74,2,58,42,70,63,21,67,56,22,72,"
in14_153.dat,7709,7711,"0,2,1,4,5,13,14,7,9,16,10,18,25,22,27,12,11,32,35,24,33,28,40,8,3,15,45,26,6,34,51,30,39,29,17,42,38,50,65,48,53,69,36,66,23,61,37,70,31,44,21,64,19,68,63,56,49,74,52,41,59,55,20,43,46,71,60,57,58,62,72,73,54,47,67,"
in14_154.dat,8199,8203.1,"1,2,3,0,4,9,5,10,6,12,7,16,18,17,22,14,11,15,21,24,20,31,30,32,36,41,34,45,26,46,35,39,38,43,50,29,59,64,56,44,25,60,13,70,57,52,58,53,42,65,37,63,40,69,28,33,73,55,19,72,48,62,23,67,51,68,74,66,54,49,47,8,71,61,27,"
in14_155.dat,8705,8714.55,"0,2,6,3,7,8,16,1,14,18,21,17,20,26,24,19,37,12,22,41,13,40,4,33,50,51,28,38,56,58,23,46,42,49,29,5,27,47,39,66,55,52,43,34,61,64,48,72,44,69,11,25,30,68,57,59,54,35,70,9,73,10,67,53,63,15,60,45,74,36,71,32,62,31,65,"
in14_156.dat,8273,8298.3,"1,2,3,0,5,4,6,10,15,18,11,16,14,24,23,17,21,9,25,12,33,37,35,38,42,34,8,26,44,30,27,36,28,29,7,41,52,57,32,13,45,19,40,50,70,59,20,74,60,47,46,71,56,39,58,69,63,53,22,48,49,65,72,68,64,54,73,67,55,51,31,62,66,43,61,"
in14_157.dat,8680,8686.55,"0,4,9,8,12,11,6,1,20,3,7,10,26,18,23,30,2,15,33,37,34,24,44,13,42,36,47,21,48,53,49,51,58,28,27,17,35,56,5,67,19,66,40,60,59,71,32,39,63,52,25,45,73,74,14,41,29,31,72,16,61,55,69,68,70,65,50,64,46,22,38,57,43,62,54,"
in14_158.dat,8668,8688.25,"0,3,6,4,12,2,15,11,1,17,5,14,16,9,22,7,20,26,27,28,29,32,8,35,38,23,42,24,52,21,40,51,31,49,45,47,65,71,72,70,53,44,34,69,33,37,43,30,61,25,68,39,73,57,18,54,74,63,50,41,64,55,67,62,66,10,59,13,58,19,48,46,60,56,36,"
in14_159.dat,8715,8729.1,"0,1,2,4,3,13,6,7,20,12,22,9,21,16,26,19,17,24,23,14,29,37,18,31,10,46,28,38,5,54,55,48,30,33,39,57,42,41,25,58,45,61,27,53,63,71,47,51,59,62,36,73,43,69,34,68,8,60,64,40,35,74,32,70,56,67,52,49,66,44,15,11,50,72,65,"
in14_160.dat,8316,8325.8,"1,2,3,4,5,11,9,6,22,23,12,10,26,21,17,15,25,0,34,16,20,30,32,39,13,44,47,19,29,42,55,27,41,52,62,24,49,66,35,68,28,56,71,48,51,43,38,60,8,50,45,33,46,7,31,64,57,18,59,14,65,74,70,36,61,40,72,54,37,53,63,67,69,58,73,"
in14_161.dat,8407,8426.55,"0,4,6,12,9,13,19,21,10,7,32,5,44,41,17,39,22,42,46,61,1,28,51,45,71,57,65,37,48,26,16,20,59,74,56,68,63,52,73,29,3,69,11,35,27,14,53,8,34,58,49,31,66,62,64,33,24,55,18,43,67,36,38,47,25,50,60,40,23,54,30,72,15,2,70,"
in14_162.dat,8464,8472.65,"0,3,2,7,10,9,13,20,22,16,26,30,21,25,28,31,35,43,45,48,18,57,39,59,60,11,1,19,73,32,23,70,38,58,41,29,51,67,5,47,37,72,12,69,40,68,63,33,56,61,44,8,55,4,64,17,27,52,15,74,50,34,6,42,24,46,66,36,49,65,53,14,71,54,62,"
in14_163.dat,9393,9400.2,"2,6,5,3,15,8,20,10,17,18,13,36,31,4,33,39,14,24,11,53,27,38,57,52,64,58,49,62,21,32,65,26,50,68,71,74,51,56,46,45,63,25,23,60,47,43,55,72,16,44,70,35,59,61,19,30,7,34,29,42,66,9,41,73,40,37,48,1,54,67,22,69,12,0,28,"
in14_164.dat,8204,8215.6,"0,6,11,16,9,23,4,20,8,10,7,30,35,1,18,40,31,22,38,32,47,51,48,58,25,21,56,2,34,42,62,15,12,63,13,71,57,29,61,49,54,41,68,33,60,36,44,52,53,28,24,66,3,55,69,50,37,39,59,14,26,72,46,65,45,70,5,74,43,27,67,73,17,64,19,"
in14_165.dat,7699,7711.35,"0,6,1,9,16,13,3,22,19,23,17,7,21,15,2,24,33,42,34,8,25,44,41,26,37,27,54,12,58,56,45,29,5,68,52,46,32,57,64,70,66,14,36,4,49,35,10,59,30,11,55,39,28,43,61,69,74,53,73,63,60,72,71,38,65,50,31,67,47,20,40,48,18,62,51,"
in14_166.dat,8078,8085.65,"1,0,6,7,2,10,5,15,3,8,14,9,28,20,34,29,38,44,43,32,41,30,33,63,56,23,48,37,61,11,39,51,54,74,13,71,42,19,26,50,16,64,35,24,60,53,46,31,73,45,69,12,55,22,57,40,66,68,27,47,49,36,52,67,65,58,25,59,17,72,4,21,70,62,18,"
in14_167.dat,8628,8629.85,"0,1,4,2,5,10,13,3,15,11,25,28,18,17,34,36,32,19,9,14,49,22,61,29,16,72,43,55,26,71,67,33,30,59,27,38,56,44,73,69,7,37,58,12,40,50,48,42,74,39,46,41,57,65,70,62,51,31,23,52,47,63,21,24,20,68,64,6,66,8,45,60,35,54,53,"
in14_168.dat,8724,8728.6,"1,9,4,12,2,24,22,21,23,0,19,8,7,34,27,29,6,42,32,3,49,16,46,50,56,53,14,25,68,43,5,74,11,61,44,35,52,63,73,54,37,18,71,69,67,60,41,62,26,28,72,55,47,30,40,58,20,15,57,48,64,36,17,65,66,10,31,59,33,51,70,13,38,45,39,"
in14_169.dat,8551,8554.65,"0,4,8,3,14,17,19,12,21,24,22,2,37,28,41,44,54,36,33,13,63,50,59,6,67,64,60,38,51,25,7,46,30,23,61,69,16,58,62,27,32,45,56,71,26,49,72,10,66,74,1,53,5,15,47,65,31,20,57,42,34,73,11,18,35,43,70,9,29,55,39,40,48,68,52,"
in14_170.dat,8111,8116.45,"0,4,1,9,7,2,17,19,13,15,23,6,8,34,31,35,26,5,24,48,38,18,54,3,49,39,58,65,66,25,46,71,51,68,55,50,40,36,56,32,60,41,45,16,61,11,43,30,44,14,72,63,57,20,62,28,42,70,67,10,53,47,74,29,69,37,33,22,12,59,73,64,21,27,52,"
in14_171.dat,8026,8034.4,"2,3,5,9,11,8,6,17,15,20,19,13,23,14,33,28,35,36,21,45,49,22,53,59,7,12,50,68,30,26,64,69,39,57,72,31,54,25,74,44,16,24,42,67,10,27,48,34,1,52,32,58,55,51,41,38,46,56,4,70,73,63,60,47,40,29,43,71,66,37,0,65,62,61,18,"
in14_172.dat,8162,8169.2,"1,3,2,14,11,6,24,7,22,4,29,9,27,15,45,26,30,52,8,44,41,32,59,61,39,58,56,57,40,19,43,60,71,64,0,23,69,33,18,62,42,51,47,74,25,68,48,13,73,63,55,53,36,70,35,21,67,34,20,49,28,46,5,72,66,37,17,12,50,10,31,65,38,54,16,"
in14_173.dat,8076,8076,"2,5,9,10,17,15,8,11,29,33,31,4,0,47,51,50,41,3,19,56,36,60,23,16,63,62,37,1,24,32,71,68,18,42,48,12,30,54,69,34,49,57,28,53,67,13,66,61,25,46,20,72,27,7,55,70,6,52,43,38,14,26,21,73,35,44,59,74,39,40,65,45,22,58,64,"
in14_174.dat,8799,8803.9,"2,7,8,5,9,10,11,20,0,19,24,34,21,6,18,32,33,35,50,30,43,51,17,36,14,37,53,31,26,12,49,58,66,62,45,72,73,40,46,65,61,41,25,64,1,29,28,42,67,38,22,71,4,74,54,63,48,16,52,47,3,70,23,55,56,13,44,27,69,60,59,57,39,68,15,"
in14_175.dat,7827,7841.25,"1,0,10,3,15,11,6,16,2,14,17,25,13,28,7,20,4,32,19,5,24,18,23,36,35,30,43,49,44,55,53,41,48,50,63,26,27,74,8,60,45,57,9,67,33,61,21,73,46,66,69,47,39,37,29,71,56,52,12,54,22,62,40,70,64,68,72,38,42,51,58,31,65,34,59,"
in14_176.dat,8505,8507.55,"0,2,6,4,15,1,7,11,22,3,9,8,13,17,5,40,18,36,42,30,34,28,32,65,35,38,71,73,21,12,61,20,67,48,37,29,47,54,14,53,70,44,27,10,58,72,55,63,46,39,52,45,66,69,25,62,41,57,16,60,74,49,43,56,64,33,31,26,50,24,19,68,59,51,23,"
in14_177.dat,7738,7743.7,"0,2,9,7,8,11,21,14,24,18,5,31,28,17,27,36,13,49,25,51,50,55,47,15,60,20,59,69,4,48,54,57,32,12,1,35,26,68,67,45,74,72,33,58,39,38,34,22,65,70,41,52,30,71,37,40,42,63,62,19,29,44,23,16,53,3,6,10,64,66,61,73,43,56,46,"
in14_178.dat,8510,8514.5,"2,0,3,4,6,10,9,11,22,17,24,19,40,13,27,38,5,43,46,16,30,47,63,28,50,54,26,59,36,66,65,73,67,71,8,31,12,69,70,60,34,56,32,55,51,33,15,7,42,45,53,25,29,61,44,37,58,1,20,62,74,48,23,41,57,18,35,64,49,39,68,14,72,21,52,"
in14_179.dat,8250,8255,"0,1,4,6,3,2,17,10,13,26,14,32,7,30,8,29,20,22,34,39,49,52,53,21,44,59,64,62,5,65,43,70,73,35,19,12,23,69,37,25,56,51,66,11,46,60,36,67,57,9,48,42,24,63,58,33,38,54,15,71,18,28,72,55,50,68,61,16,74,40,31,47,27,41,45,"
in14_180.dat,8140,8145.45,"1,2,0,7,9,14,12,10,6,25,23,5,13,28,36,16,43,19,41,32,50,18,45,60,55,49,38,48,30,44,68,39,63,42,61,54,21,70,33,74,4,66,65,67,37,56,73,51,11,53,15,71,59,72,17,46,64,24,3,40,52,20,47,29,62,8,31,58,26,35,57,27,22,34,69,"
in18_121.dat,13480,13480,"0,6,1,4,3,5,2,8,9,10,16,18,14,19,20,23,13,25,22,7,21,26,12,24,29,30,32,33,17,28,27,31,35,34,37,40,11,36,42,41,44,15,48,45,50,51,52,54,55,56,47,53,46,58,57,59,60,62,65,63,66,61,67,69,64,68,39,70,71,38,72,73,43,49,74,"
in18_122.dat,13648,13654.9,"9,8,17,1,14,16,4,7,12,15,26,20,25,2,27,19,28,0,11,29,23,18,30,31,5,22,24,37,33,44,40,32,36,10,41,38,35,39,45,6,47,49,34,42,53,51,55,46,52,54,50,58,60,56,61,57,21,48,59,63,64,62,3,65,67,13,68,66,72,43,69,73,70,71,74,"
in18_123.dat,13797,13797,"0,6,1,10,14,9,18,3,19,21,2,11,13,22,23,8,5,20,16,29,31,27,32,35,30,26,28,37,4,38,40,36,34,12,42,15,46,25,47,50,39,17,43,48,49,52,55,45,41,57,56,60,44,58,62,61,63,33,54,64,67,53,59,69,65,68,24,70,66,51,71,72,7,73,74,"
in18_124.dat,13658,13658,"3,15,10,6,23,9,13,25,26,28,22,16,34,31,27,11,30,37,38,21,36,35,17,19,20,7,24,40,42,29,43,1,2,32,45,18,14,5,47,44,50,33,51,49,52,54,0,4,55,53,57,56,60,48,62,59,61,67,65,63,58,12,69,64,68,70,66,46,8,71,72,41,73,39,74,"
in18_125.dat,13187,13187.5,"2,8,9,4,5,11,12,7,13,15,1,18,3,14,17,16,19,20,21,10,22,23,24,26,25,27,28,29,30,31,34,37,32,33,36,40,35,44,38,45,43,42,50,47,46,49,48,54,53,55,57,51,56,59,60,61,52,62,65,41,66,68,58,39,63,69,64,67,70,71,72,0,73,6,74,"
in18_126.dat,13751,13755,"5,0,8,4,12,1,3,21,23,17,18,20,11,24,22,15,9,25,2,16,10,30,29,33,26,28,14,13,36,35,39,32,40,38,44,41,6,46,34,47,31,49,45,50,48,43,27,54,56,7,42,58,57,60,53,55,51,61,62,59,63,65,67,66,52,70,68,37,72,71,69,64,73,19,74,"
in18_127.dat,13727,13727.4,"0,4,1,6,3,18,8,7,2,9,11,5,12,16,17,20,14,19,23,25,28,26,38,30,31,36,35,29,33,24,45,39,49,47,46,42,50,43,51,34,44,13,53,41,54,55,40,52,56,15,21,58,57,60,59,62,63,64,61,66,67,65,68,32,70,37,71,69,10,72,22,27,73,48,74,"
in18_128.dat,13374,13374,"9,16,20,18,10,6,2,14,8,23,28,5,1,22,13,24,36,35,34,21,0,27,19,7,25,11,42,49,44,26,40,3,48,47,4,45,51,30,38,41,31,12,33,17,54,37,57,58,15,32,39,46,59,29,63,60,61,43,65,66,64,55,69,67,68,62,53,71,70,52,72,50,73,56,74,"
in18_129.dat,13195,13206.1,"4,6,0,3,2,8,13,7,15,9,14,19,21,22,5,16,23,25,1,31,26,20,33,28,34,37,32,39,42,27,36,10,45,12,17,11,41,47,44,24,29,49,48,51,43,46,50,53,55,52,56,57,38,54,59,60,58,62,61,40,63,30,64,65,67,66,68,70,69,71,18,72,35,73,74,"
in18_130.dat,13621,13648.1,"8,3,7,0,5,11,6,2,13,9,12,16,14,4,17,10,19,20,18,23,22,26,25,30,24,27,33,15,29,34,35,28,37,36,46,48,31,42,49,38,40,39,47,50,43,52,53,54,55,57,58,60,45,61,59,63,44,64,62,51,65,67,68,66,69,70,56,41,72,21,1,73,71,32,74,"
in18_131.dat,13461,13461,"0,14,4,3,10,16,22,8,2,21,24,12,28,25,7,35,29,36,11,15,34,38,42,26,5,45,27,47,6,33,53,40,54,37,31,20,51,41,1,13,50,23,58,39,48,17,60,43,56,9,57,46,62,59,61,49,18,44,63,65,64,68,69,67,66,55,52,70,71,30,72,32,19,73,74,"
in18_132.dat,13538,13538.1,"3,2,10,7,4,6,0,8,11,5,17,15,9,21,16,26,12,19,28,22,25,18,20,27,23,31,29,14,33,35,39,40,37,38,41,47,45,46,48,44,49,24,51,36,43,54,55,58,30,57,60,50,34,61,53,56,64,63,65,32,59,62,66,68,69,52,70,42,71,67,13,72,1,73,74,"
in18_133.dat,13518,13570.6,"3,4,6,2,5,10,14,15,9,8,11,21,20,12,16,18,0,19,17,26,27,25,30,7,24,33,36,39,34,31,13,29,37,41,23,44,28,32,42,46,45,48,35,43,38,52,47,53,50,51,56,55,54,58,22,57,61,60,40,63,65,49,66,64,67,68,69,1,59,71,70,62,72,74,73,"
in18_134.dat,13942,13942,"0,2,4,5,1,8,7,10,3,9,12,14,16,15,13,18,17,21,20,24,23,22,31,26,19,28,27,29,38,30,34,37,35,32,36,25,41,42,40,44,43,45,46,48,11,49,50,51,52,53,55,56,54,57,58,39,47,59,60,62,61,64,65,66,63,67,33,68,69,72,74,73,6,70,71,"
in18_135.dat,13560,13560,"8,15,20,18,21,1,24,11,12,13,7,27,6,30,19,28,25,35,31,10,5,17,16,0,42,29,45,48,47,46,32,40,41,33,51,4,52,44,3,43,49,37,9,53,14,2,50,59,36,60,22,56,57,61,63,26,58,38,55,66,65,68,70,69,23,54,64,67,62,71,39,72,73,34,74,"
in18_136.dat,13584,13584,"5,13,16,7,22,20,10,3,27,26,15,19,14,17,30,24,9,6,31,34,33,25,11,35,36,37,12,4,23,42,46,1,28,39,40,45,47,48,52,51,21,55,43,56,54,53,50,49,58,63,60,41,62,29,8,66,18,57,61,32,38,65,69,59,44,70,64,68,67,2,71,72,73,0,74,"
in18_137.dat,13456,13460.2,"2,15,11,8,21,4,18,30,19,1,23,12,9,22,13,28,7,20,14,29,34,17,3,26,31,27,46,33,25,37,47,48,38,43,42,40,50,51,36,0,41,49,16,10,35,44,5,59,52,55,61,57,56,60,53,58,62,63,66,54,65,64,67,69,24,70,39,72,32,68,71,6,74,45,73,"
in18_138.dat,13912,13917.2,"3,14,6,7,2,10,13,12,8,22,9,4,0,20,19,11,23,30,17,26,35,40,32,34,42,44,36,37,28,15,47,24,5,31,46,38,25,51,18,49,27,56,39,48,43,57,54,52,50,53,58,62,60,59,63,55,67,65,45,29,33,66,68,64,21,69,70,41,71,72,1,74,16,61,73,"
in18_139.dat,13679,13679,"9,18,11,8,20,3,27,0,15,5,24,21,23,30,6,32,12,28,34,14,16,38,39,33,35,36,19,43,40,45,13,22,41,49,46,26,52,44,37,50,47,55,17,31,29,48,57,53,60,25,51,10,58,61,56,54,63,7,64,62,66,67,68,69,1,70,4,65,72,2,71,59,74,42,73,"
in18_140.dat,13657,13657,"4,12,11,7,1,8,2,19,3,23,13,21,24,18,15,30,28,22,20,17,29,9,6,26,41,5,36,37,35,25,34,47,43,31,40,49,51,16,33,45,55,0,39,57,56,63,42,54,48,62,59,44,65,50,60,32,61,14,27,52,58,67,38,69,64,10,46,70,66,68,71,72,53,73,74,"
in18_141.dat,8355,8389.05,"0,2,1,4,9,8,3,12,14,7,16,15,13,18,19,5,21,20,10,24,26,22,28,25,11,29,30,31,17,6,32,27,37,40,36,46,39,38,49,34,44,35,51,42,41,53,55,47,48,63,56,61,52,72,65,59,57,70,73,68,58,71,66,54,33,69,50,74,23,67,45,43,64,60,62,"
in18_142.dat,9417,9430.95,"0,3,1,5,4,6,11,12,9,18,14,16,8,13,19,15,2,24,22,17,25,23,21,10,27,30,20,28,38,36,41,47,42,29,37,54,43,26,35,33,61,46,55,49,58,62,57,60,40,53,65,34,44,52,66,59,31,71,56,74,48,32,70,7,72,51,45,67,73,63,50,64,69,68,39,"
in18_143.dat,8556,8589.5,"0,6,7,3,1,8,4,13,5,17,14,20,11,2,22,21,15,27,26,28,12,29,24,31,33,18,30,19,32,39,23,38,43,45,42,16,9,40,34,52,54,56,49,59,10,62,36,48,37,64,57,66,51,73,71,50,67,46,53,58,63,41,69,55,25,65,70,44,72,35,60,74,68,47,61,"
in18_144.dat,8016,8025.45,"0,1,2,5,3,8,7,4,12,13,11,6,15,18,16,19,21,10,14,20,27,28,22,29,31,34,32,37,17,24,40,41,25,9,44,42,39,46,38,47,36,56,30,50,57,58,61,60,43,48,62,54,33,45,68,70,66,69,35,67,72,52,64,63,51,59,65,55,26,23,73,49,74,71,53,"
in18_145.dat,8314,8332,"1,0,2,4,5,6,8,3,9,11,17,12,10,15,16,23,19,24,7,25,22,27,21,14,28,34,31,32,33,38,40,13,18,41,39,47,30,48,51,36,49,54,59,44,61,63,37,66,53,45,35,68,42,62,65,71,52,26,60,67,29,58,50,69,56,46,43,64,74,20,73,55,72,57,70,"
in18_146.dat,9099,9115.55,"0,1,2,4,6,7,8,5,12,11,9,15,17,14,13,22,24,19,20,10,30,28,18,35,26,27,23,37,38,39,42,16,43,29,21,47,33,31,44,54,56,34,45,52,57,66,62,55,59,63,36,32,41,25,74,61,71,46,64,58,49,40,72,50,51,53,70,3,60,68,73,48,65,69,67,"
in18_147.dat,8905,8933.25,"0,1,2,6,3,7,9,10,12,4,5,14,16,15,8,21,11,22,20,24,25,28,34,27,37,29,40,36,23,42,19,38,30,45,44,13,35,39,32,52,57,33,55,46,17,61,64,51,58,63,60,70,48,18,54,65,74,69,73,41,71,59,47,62,43,56,49,26,50,68,31,72,67,66,53,"
in18_148.dat,8818,8858.4,"1,3,4,6,5,10,12,7,11,8,18,16,2,15,24,21,23,25,9,0,27,29,30,13,14,22,32,31,36,39,37,40,35,17,41,28,34,38,33,20,46,48,26,49,19,57,47,52,54,51,61,64,60,70,43,63,67,56,58,44,66,74,45,62,68,42,65,50,55,59,72,69,71,53,73,"
in18_149.dat,8431,8450.05,"0,1,4,6,3,5,7,9,15,12,13,17,18,20,19,22,21,11,24,27,16,25,32,10,28,38,40,35,37,43,14,2,44,29,41,34,8,46,47,42,55,33,45,57,56,36,64,48,62,31,26,66,49,59,23,63,58,53,70,65,54,51,60,67,52,74,68,30,69,39,71,50,72,61,73,"
in18_150.dat,9249,9264.95,"0,1,4,9,2,7,11,18,8,20,6,21,25,24,32,17,30,28,12,36,22,35,13,34,27,5,41,33,40,38,29,43,47,48,46,31,45,52,26,55,3,51,16,63,54,62,44,57,37,69,58,70,39,49,15,72,19,50,61,23,59,74,65,64,53,71,67,14,68,60,10,42,73,66,56,"
in18_151.dat,8369,8391.7,"0,1,2,6,3,8,10,4,9,12,15,16,18,20,7,11,17,19,25,26,14,5,27,23,33,32,22,41,36,30,21,34,39,29,42,40,46,13,51,55,31,43,56,28,48,49,47,59,61,53,57,62,65,60,35,67,69,37,68,58,54,45,71,50,63,70,66,24,64,52,74,44,72,38,73,"
in18_152.dat,8797,8806.45,"0,2,4,6,5,3,7,8,11,10,12,16,15,13,1,22,18,25,23,19,14,26,24,21,17,20,29,27,33,32,9,35,36,31,38,41,34,42,39,30,51,48,50,37,52,40,56,47,57,58,46,66,28,44,70,49,67,62,64,60,63,53,72,55,61,45,43,65,59,73,74,68,54,71,69,"
in18_153.dat,8910,8916.05,"3,0,5,2,6,8,9,4,10,1,12,11,15,14,7,13,16,17,18,19,29,27,22,31,20,28,30,34,36,41,23,25,45,35,37,43,47,44,57,24,33,54,40,63,52,38,62,48,42,51,65,59,53,32,64,46,50,39,69,21,68,58,56,72,60,66,55,61,74,70,71,67,26,73,49,"
in18_154.dat,8531,8549.35,"1,4,0,5,3,10,8,11,7,12,6,15,13,17,14,9,16,18,22,25,28,29,23,20,33,37,38,21,36,31,24,39,40,30,41,35,34,32,49,48,52,44,56,45,42,26,51,47,27,59,62,57,61,58,55,72,43,69,65,74,2,71,63,46,64,53,67,54,60,68,66,19,50,70,73,"
in18_155.dat,8701,8710.6,"0,8,1,5,12,15,7,10,20,4,6,21,16,26,23,25,14,22,19,3,13,31,37,27,34,36,32,43,28,38,44,47,2,18,54,29,35,46,50,24,48,59,53,41,62,45,9,40,65,58,67,30,74,68,72,63,64,49,56,17,51,60,39,73,66,70,57,61,52,42,33,71,55,11,69,"
in18_156.dat,9538,9542.05,"1,2,6,9,3,12,5,11,8,13,15,14,16,17,0,20,18,22,25,21,23,19,24,29,26,10,33,39,37,34,28,43,46,40,45,38,54,48,50,47,62,60,61,31,32,68,63,30,55,35,59,72,64,56,41,73,52,36,49,67,69,42,74,7,53,51,65,44,71,4,27,66,57,70,58,"
in18_157.dat,7929,7942.9,"0,4,6,7,5,2,1,13,12,14,10,15,8,9,18,17,3,22,21,20,19,23,25,29,11,30,16,24,28,32,31,33,35,39,38,40,27,34,42,41,37,46,50,52,53,48,49,47,59,44,26,60,65,63,43,67,45,51,64,61,58,56,73,57,71,69,36,54,74,68,62,72,70,55,66,"
in18_158.dat,9340,9352.1,"0,1,3,4,8,11,10,12,13,5,15,14,17,18,7,22,24,19,23,25,21,30,9,28,33,26,31,20,38,35,48,37,49,39,41,51,27,45,57,43,40,59,42,50,64,58,47,69,16,2,70,72,6,52,34,61,53,73,55,68,65,32,56,66,67,60,71,44,29,46,36,63,62,54,74,"
in18_159.dat,9142,9169.2,"3,1,5,0,6,2,8,10,4,13,9,7,11,16,20,18,12,22,23,19,26,25,15,30,21,32,27,28,31,34,14,39,17,35,33,29,41,42,24,45,46,36,47,48,37,51,44,40,57,52,56,59,60,66,70,43,73,72,67,64,55,61,74,49,58,68,53,50,65,38,69,71,62,63,54,"
in18_160.dat,9217,9227.1,"0,1,4,5,3,2,8,7,12,13,11,6,16,15,10,19,9,21,18,20,25,28,29,27,26,36,33,39,23,44,32,40,17,47,42,35,49,48,37,56,46,53,14,54,61,22,58,55,30,24,38,69,70,50,57,71,34,64,52,62,73,63,43,41,67,59,45,72,51,31,65,74,66,68,60,"
in18_161.dat,8207,8217.25,"1,4,2,3,7,8,10,12,9,14,17,13,22,15,26,20,29,6,36,21,35,31,39,32,23,24,41,19,43,5,47,25,40,42,53,45,54,58,63,70,28,60,52,44,71,67,49,30,62,11,73,55,33,65,57,34,61,51,46,74,59,66,0,16,50,64,68,37,18,72,27,38,69,56,48,"
in18_162.dat,7203,7211.25,"6,2,1,8,9,14,10,19,3,23,17,21,0,5,26,15,7,27,35,37,30,13,29,18,34,47,32,44,12,25,16,56,52,11,57,53,54,66,38,40,43,22,49,50,59,48,74,20,36,60,71,55,46,39,68,31,41,70,67,65,61,42,69,63,64,45,4,73,28,72,33,24,58,51,62,"
in18_163.dat,8250,8254.2,"2,0,5,8,3,9,4,19,7,26,22,12,11,18,28,27,16,42,40,13,1,43,20,36,32,6,30,15,56,54,23,41,44,34,21,50,62,51,33,52,58,45,25,48,53,29,14,35,10,17,70,49,47,55,65,38,39,61,46,72,69,66,59,68,73,24,31,37,71,67,57,74,63,64,60,"
in18_164.dat,8775,8784.65,"1,2,5,4,11,0,12,10,17,13,26,15,29,24,22,28,21,8,31,42,7,43,30,25,23,36,39,14,6,32,46,53,16,34,54,33,45,41,19,66,63,73,67,50,59,57,49,20,64,48,62,69,47,27,44,56,58,38,65,35,74,71,9,18,68,70,61,55,60,3,52,40,72,37,51,"
in18_165.dat,7962,7962,"0,1,6,7,4,3,8,14,5,9,21,11,20,19,18,13,23,10,24,25,17,26,2,45,34,22,33,15,44,41,49,52,35,37,46,40,56,43,64,62,53,69,30,12,51,57,54,32,39,29,63,71,48,36,60,67,27,58,50,70,73,72,38,16,42,28,74,66,65,31,61,55,59,68,47,"
in18_166.dat,8868,8877.55,"0,1,7,10,3,13,8,12,4,6,24,14,26,17,2,15,32,25,27,36,11,39,49,33,35,48,34,43,56,54,30,5,20,73,29,23,53,51,65,44,21,46,57,45,19,47,61,64,69,9,50,28,58,18,31,60,68,62,37,63,22,40,42,74,41,59,71,67,52,70,55,16,72,66,38,"
in18_167.dat,9065,9076.3,"0,3,6,4,8,1,11,5,20,13,26,16,30,18,7,32,12,24,14,28,41,23,9,35,37,46,43,45,21,10,57,22,72,25,39,59,36,31,17,52,54,66,73,34,58,15,70,61,67,69,50,62,42,48,55,40,53,2,44,60,38,63,51,74,27,68,71,49,29,65,19,47,56,64,33,"
in18_168.dat,8156,8164.85,"0,3,4,5,11,19,12,2,17,7,22,10,28,21,30,37,31,25,6,13,39,32,33,20,9,14,46,15,44,53,40,43,61,59,26,51,66,29,42,24,52,34,68,23,63,38,49,1,27,64,57,8,62,45,72,58,35,48,69,56,67,73,60,54,36,70,55,47,65,71,50,41,74,16,18,"
in18_169.dat,9329,9339.7,"0,1,3,7,9,11,13,23,22,26,2,28,29,8,38,16,43,10,14,45,48,24,37,52,18,49,35,53,54,20,46,64,6,34,21,67,71,41,65,44,4,55,60,50,56,62,5,31,63,73,59,36,57,12,74,42,70,25,72,51,66,27,19,47,61,17,40,33,58,15,30,69,32,39,68,"
in18_170.dat,8203,8208,"1,4,3,2,8,7,6,13,9,15,0,22,23,16,28,10,35,21,30,5,32,14,38,48,12,25,44,54,41,17,39,66,58,43,19,42,34,36,56,49,59,40,72,20,47,57,33,37,68,24,65,67,55,70,73,46,29,61,11,52,62,31,69,50,26,45,74,60,64,71,53,51,27,63,18,"
in18_171.dat,8846,8865.85,"1,7,0,11,4,2,19,9,15,30,10,32,28,20,13,36,24,37,3,39,31,21,48,27,26,35,38,60,25,33,57,17,40,23,53,72,14,46,55,5,49,71,16,51,70,58,34,59,45,64,18,52,73,56,42,67,65,63,66,44,74,47,8,41,68,54,22,50,61,43,12,6,62,29,69,"
in18_172.dat,7843,7852.4,"0,4,5,9,2,10,1,6,17,11,19,24,27,15,28,13,12,34,35,25,23,30,36,37,16,41,22,21,52,49,32,38,58,56,14,43,68,62,51,50,61,33,74,65,18,47,57,40,55,26,59,20,63,54,39,45,73,70,69,72,67,3,48,64,53,66,60,7,44,29,46,71,31,8,42,"
in18_173.dat,8190,8191.75,"1,4,6,7,5,12,3,10,15,20,16,0,9,25,8,26,34,24,37,45,13,30,40,21,53,48,38,46,33,29,55,23,67,62,58,66,52,69,61,27,32,56,50,36,72,39,2,41,68,51,28,49,57,19,47,65,64,31,11,59,18,44,63,73,54,14,35,43,17,60,22,74,70,71,42,"
in18_174.dat,8577,8591.5,"4,6,5,7,3,16,0,13,20,9,10,27,14,11,15,41,18,21,26,30,44,59,17,32,50,33,67,34,57,45,68,69,25,49,46,66,47,29,42,31,74,8,61,37,40,36,24,56,35,72,12,62,51,38,23,19,43,58,63,28,48,2,71,1,65,73,39,55,53,70,60,52,54,22,64,"
in18_175.dat,8764,8764.2,"0,3,6,11,8,13,2,17,21,16,10,5,26,7,15,25,32,9,12,40,41,38,19,31,4,27,48,51,1,29,57,20,30,47,37,14,55,43,33,56,69,70,44,53,42,58,45,49,66,46,73,65,71,63,74,54,68,72,24,39,64,60,59,18,61,36,28,50,35,62,22,34,52,67,23,"
in18_176.dat,7417,7429.2,"0,5,4,3,2,10,14,15,19,13,7,6,18,23,17,25,12,24,38,33,35,40,16,39,8,34,28,22,50,49,48,26,31,29,55,44,27,62,54,57,46,66,30,52,37,70,71,41,45,73,60,68,11,56,32,9,59,36,64,47,72,42,61,67,20,74,21,53,58,69,63,43,51,65,1,"
in18_177.dat,7435,7457.05,"0,5,1,3,11,7,2,14,4,16,9,17,24,8,22,30,28,18,34,21,43,51,15,44,57,49,47,37,10,52,35,67,53,26,48,50,27,61,56,68,40,74,6,36,39,62,65,13,38,70,45,71,63,73,41,12,29,55,25,66,23,46,58,31,69,33,42,54,19,72,20,59,64,32,60,"
in18_178.dat,7973,7985.8,"0,4,5,8,6,3,15,7,1,2,17,23,10,11,22,26,18,30,21,35,20,36,16,31,57,45,55,39,47,54,44,29,62,48,63,38,33,64,9,52,43,32,66,14,25,42,19,70,13,12,34,74,71,67,56,37,28,24,59,27,72,50,58,68,61,46,69,49,65,53,41,51,60,73,40,"
in18_179.dat,7258,7270.7,"2,3,1,5,4,11,16,20,15,14,6,25,22,17,19,29,39,10,38,32,42,33,50,21,18,28,51,45,46,57,0,36,35,30,53,24,48,23,60,54,44,37,62,69,67,26,27,7,65,70,63,47,58,31,72,64,59,71,74,12,49,9,73,34,61,56,52,68,66,43,8,55,40,13,41,"
in18_180.dat,8213,8216.05,"1,2,3,5,7,8,0,9,4,6,13,15,14,19,22,28,20,23,21,10,34,32,40,35,45,46,26,43,51,36,52,48,27,55,56,68,17,65,66,54,38,62,29,74,31,63,60,33,57,37,16,25,73,44,11,12,69,71,72,41,18,47,42,39,53,30,67,58,59,49,70,61,50,64,24,"
